﻿note_id,type,title,desc,video_url,time,last_update_time,user_id,nickname,avatar,liked_count,collected_count,comment_count,share_count,ip_location,image_list,tag_list,last_modify_ts,note_url,source_keyword,xsec_token
686923d9000000000b02ffdf,normal,茶百道现场已失控,"美团大战的结果
#外卖[话题]##0元[话题]##美团[话题]#",,1751720921000,1755059207000,5e78cf23000000000100445c,小希baby,https://sns-avatar-qc.xhscdn.com/avatar/1040g2jo3131f07p8k2105njopshg8h2sc2kkhsg,1.8万,2640,7501,3.6万,,"http://sns-webpic-qc.xhscdn.com/202512041257/c10fac59954478e4d94c0d19b05bcd73/1040g2sg31l43lo93ige05njopshg8h2s5br8tig!nd_dft_wlteh_webp_3,http://sns-webpic-qc.xhscdn.com/202512041257/5e6e28b9b853bda2cca414ffcc349c4e/1040g00831kqvc8kpk8205njopshg8h2satt8nqg!nd_dft_wlteh_webp_3","外卖,0元,美团",1764824235553,https://www.xiaohongshu.com/explore/686923d9000000000b02ffdf?xsec_token=ABd4EbuyaZxCNQaIg7UNbElmdwo0cY86oUeVsK-NVCfNo=&xsec_source=pc_search,,ABd4EbuyaZxCNQaIg7UNbElmdwo0cY86oUeVsK-NVCfNo=
68298dc40000000023003401,normal,求求我自己别喝了……,"外卖大战导致我意外摄入2块钱的奶茶，结果昨天碰到了一个高脂血症患者，血抽出来就像加了奶盖的奶茶[完啦R]
不喝了，真的不喝了[完啦R][完啦R]
#外卖大战[话题]# #奶茶[话题]# #高脂血症[话题]# #大基数减肥[话题]# #胰岛素抵抗[话题]#",,1747553732000,1747553733000,563d661b9eb5784c686db1d3,陈不沉的减脂日记,https://sns-avatar-qc.xhscdn.com/avatar/1040g2jo31hn7b7uak200426sgcj1ncejm21kqr8,1.5万,1001,6461,2.4万,,http://sns-webpic-qc.xhscdn.com/202512041257/5bb366515e5a295d1bb6a90610860f2e/notes_pre_post/1040g3k031hk8mg5ija00426sgcj1ncejnqi4e38!nd_dft_wlteh_webp_3,"外卖大战,奶茶,高脂血症,大基数减肥,胰岛素抵抗",1764824235971,https://www.xiaohongshu.com/explore/68298dc40000000023003401?xsec_token=ABn0npNkS9z0VPAADoHFQFLVe20pmjmj7snBbzDki_GuE=&xsec_source=pc_search,,ABn0npNkS9z0VPAADoHFQFLVe20pmjmj7snBbzDki_GuE=
687262440000000017030bff,normal,美团外卖大战真的是空前的浪费,"人手一两张自取的免费券，来店里看了一下，很多都是白天线上点的，但是没有人来取[笑哭R]
#美团[话题]# #美团外卖[话题]# #蜜雪冰城[话题]#",,1752326724000,1752326725000,5657133a4476081d8e0c6ee7,阿中啊,https://sns-avatar-qc.xhscdn.com/avatar/1040g2jo30thisa49ke6g4350na9jkrn7ou9j008,610,132,1680,466,,http://sns-webpic-qc.xhscdn.com/202512041257/b413855c2cee2a128b704048f1433ab6/notes_pre_post/1040g3k031jrcnlqaj0604350na9jkrn7srelpfg!nd_dft_wlteh_webp_3,"美团,美团外卖,蜜雪冰城",1764824235974,https://www.xiaohongshu.com/explore/687262440000000017030bff?xsec_token=ABKm3WxjJ_UvKDKqRtbJ0Y_AqPrmnoovP_7SBpEhQBw_4=&xsec_source=pc_search,,ABKm3WxjJ_UvKDKqRtbJ0Y_AqPrmnoovP_7SBpEhQBw_4=
6877302300000000220336f3,normal,外卖大战的第一个牺牲者诞生了！,"办公楼下的星巴克，开了十几年了吧。以前门庭若市，自从同一栋办公楼里开了库迪、瑞幸，更是在这一波外卖大战中终于关门了。星爸爸的B格在2.9元自取的库迪面前毫无招架之力[笑哭R]
当年在星巴克喝十倍价格摆开笔记本畅聊商业计划的伙伴们还好吗？重视拿铁因素的我是一杯自费的星巴克都没喝过，但不妨碍我咖啡因的摄取。最近发现库迪还是贵了，古茗1块多就有!拒绝消费主义，延迟满足永不为奴!
#星巴克[话题]# #外卖大战[话题]# #拿铁因素[话题]# #延迟满足[话题]#",,1752641571000,1752643061000,615919b3000000000201ee37,智虑有失,https://sns-avatar-qc.xhscdn.com/avatar/1040g2jo316s9mj9q3q5g5oap36pgjrhnvq10j50,427,46,997,40,,http://sns-webpic-qc.xhscdn.com/202512041257/f9e7222c785c76f2828fac39604b560a/notes_pre_post/1040g3k831k02l5kciocg5oap36pgjrhnvtunka8!nd_dft_wlteh_webp_3,"星巴克,外卖大战,拿铁因素,延迟满足",1764824235975,https://www.xiaohongshu.com/explore/6877302300000000220336f3?xsec_token=ABuE4pTiLTE43WUhcx2_K-UO0cDSxuxpZmL6eRnqWMdOA=&xsec_source=pc_search,,ABuE4pTiLTE43WUhcx2_K-UO0cDSxuxpZmL6eRnqWMdOA=
680c69be000000001c031271,normal,商战中买下一周早餐,#美团京东大战[话题]# #星巴克薅羊毛[话题]#,,1745643966000,1745643967000,641e96c40000000012010f4b,巧克力麦麦,https://sns-avatar-qc.xhscdn.com/avatar/1040g2jo310dhjf31mc005p0uir24i3qbe5c2avo,7299,3090,899,4958,,"http://sns-webpic-qc.xhscdn.com/202512041257/d81319e40c9e5559499aab4d264d71bc/notes_pre_post/1040g3k831gnpsdqu42405p0uir24i3qbrvsc1mg!nd_dft_wlteh_webp_3,http://sns-webpic-qc.xhscdn.com/202512041257/9e06256326803bf10937216fe68b0adc/notes_pre_post/1040g3k831gnpsdqu424g5p0uir24i3qbt80qh50!nd_dft_wlteh_webp_3,http://sns-webpic-qc.xhscdn.com/202512041257/b15c2159a8812bf0ca07576d7ddd1869/notes_pre_post/1040g3k831gnpsdqu42505p0uir24i3qbo9tp5j8!nd_dft_wlteh_webp_3,http://sns-webpic-qc.xhscdn.com/202512041257/e4f38076d66f1a15cc8f48d039d5cf72/notes_pre_post/1040g3k831gnpsdqu425g5p0uir24i3qb0tlhps8!nd_dft_wlteh_webp_3,http://sns-webpic-qc.xhscdn.com/202512041257/862ac3f64731545c7c9ceba8c7050334/notes_pre_post/1040g3k831gnpsdqu42605p0uir24i3qbdsuj3no!nd_dft_wlteh_webp_3","美团京东大战,星巴克薅羊毛",1764824235976,https://www.xiaohongshu.com/explore/680c69be000000001c031271?xsec_token=ABI53UIR7PL7Cgw_tIzbUDb1P-cIBNVwRut9jVeh2XhEQ=&xsec_source=pc_search,,ABI53UIR7PL7Cgw_tIzbUDb1P-cIBNVwRut9jVeh2XhEQ=
6896ca75000000002302bbaa,normal,白月光归国后加入了外卖大战1,"前情提要：妹是高中时期喜欢此男，此男当时一心只想提高妹的成绩，当时就没答应妹宝的告白。
其实还有好多可以说的，我就先不剧透了❗️
#bg[话题]# #言情[话题]# #言情[话题]# #白月光[话题]# #求而不得[话题]# #外卖[话题]# #秋天第一杯奶茶[话题]# #反追[话题]#",,1754712693000,1754788931000,6599625700000000220171d1,明烛疏雨,https://sns-avatar-qc.xhscdn.com/avatar/1040g2jo31pgor76q2o0g5pcpc9boisehmddd6mo,2963,245,786,58,,"http://sns-webpic-qc.xhscdn.com/202512041257/18d664e9c5825f299515459319b09adb/1040g2sg31kuu7iva32705pcpc9boisehr6dipc8!nd_dft_wlteh_webp_3,http://sns-webpic-qc.xhscdn.com/202512041257/88f98a00640e14e40a35512cd78ef92f/1040g2sg31kuu7iva327g5pcpc9boiseh3voqp50!nd_dft_wlteh_webp_3,http://sns-webpic-qc.xhscdn.com/202512041257/41ae28fa9ec94989ea29fddb07d25f61/1040g2sg31kuu7iva32905pcpc9boisehe7mo7a0!nd_dft_wlteh_webp_3,http://sns-webpic-qc.xhscdn.com/202512041257/391a29bd2ea6086dc8b5a5c4db037169/1040g2sg31kuu7iva32805pcpc9boiseha0kkmq0!nd_dft_wlteh_webp_3,http://sns-webpic-qc.xhscdn.com/202512041257/6f528757a4e809c82f47d34e0a6b3489/1040g2sg31kuu7iva329g5pcpc9boisehta5g5ag!nd_dft_wlteh_webp_3,http://sns-webpic-qc.xhscdn.com/202512041257/7d1670a6365e138169aa1ed0796aee09/1040g2sg31kuu7iva328g5pcpc9boisehv4shf90!nd_dft_wlteh_webp_3,http://sns-webpic-qc.xhscdn.com/202512041257/5253a36a32dae1d241fecc432b8024ac/1040g2sg31kuu7iva32ag5pcpc9boisehvnseak0!nd_dft_wlteh_webp_3,http://sns-webpic-qc.xhscdn.com/202512041257/0884e901682f3409decf6996f7449fea/1040g2sg31kuu7iva32a05pcpc9boisehpc218k0!nd_dft_wlteh_webp_3,http://sns-webpic-qc.xhscdn.com/202512041257/1d993a881111f3baa225c5288c708af1/1040g2sg31kuu7iva32b05pcpc9boiseh8q95rdg!nd_dft_wlteh_webp_3,http://sns-webpic-qc.xhscdn.com/202512041257/36a0eff654f9cb2785ebc13e86aa733f/1040g2sg31kuu7iva32bg5pcpc9boisehivcp9eg!nd_dft_wlteh_webp_3","bg,言情,白月光,求而不得,外卖,秋天第一杯奶茶,反追",1764824235977,https://www.xiaohongshu.com/explore/6896ca75000000002302bbaa?xsec_token=ABj-U40oAwF118kh4S6MY5SvkrgOIywddteoCh02eACxY=&xsec_source=pc_search,,ABj-U40oAwF118kh4S6MY5SvkrgOIywddteoCh02eACxY=
692a9a06000000001e00d24c,normal,外卖大战的代价,"克劳塞维茨在《战争论》里说：任何战斗都是双方物质力量和精神力量以流血和破坏的方式进行的较量。
	
外卖大战对双方的折磨充分体现在各家的三季报。美团经营利润跌掉 198 亿元，造成上市以来最大亏损。有淘宝造血的阿里，三季度经营利润从 352 亿元跌到 54 亿元，少了 85%。
	
亏损主要因为销售费用激增，主要是今年秋天的外卖补贴。美团三季度销售费用超过了成交额大它快一倍的拼多多。
	
算下来，2025 年二三季度，阿里、美团和京东半年一共烧了超过 1000 亿元。京东在三季度减少投入的情况下，经营利润从 120 亿元转为亏损 10.5 亿元。
	
效率是决定外卖补贴能否持续的根本。
	
二季度阿里说规模提升会让经济模型（UE）亏损缩小一半，本季度基本做到了，因为笔单价提升、非茶饮订单提升至 75%、单均履约成本下降 0.5 元。美团则强调质量，超七成订单价格在 30 元以上。
	
阿里对投资方说，淘宝闪购餐饮外卖 11 月 GMV 市场份额增至 40%——但分母是行业前两名，如果加上京东，它的份额会有所降低。
	
本周营收会上，阿里说下个季度在闪购的投入会显著收缩，而在 AI 基础设施上可能会进一步增投。
	
我们独家了解到，淘宝闪购接下来会在关键时段补贴餐饮外卖，以耗住美团，并计划在明年春天再次发起即时零售大战，重点补贴非餐货品，不会像今年夏天一样发起全面大战。
	
而美团 CEO 王兴说，外卖价格战是低质低价的“内卷式”竞争，坚决反对，也不可持续，但美团预计下季度经营亏损趋势仍会延续。据我们了解，美团认为冬季兼职骑手会变少，可以抢回一部分市场份额。
	
外卖大战也在考验餐饮品牌的效率。目前上市的茶饮咖啡品牌多在港股，只有美股上市的瑞幸、霸王茶姬发布三季报。瑞幸营收环比大幅增长，净利润几乎持平 —— 送了更多饮品，但付了 29 亿配送费，没有赚到更多钱。而霸王茶姬的成交额、营收、净利润都在下跌。
	
没有参战的抖音和拼多多暗度陈仓。抖音到店和电商都在加速逼近第一名，拼多多电商和社区团购继续增长，储备更多现金。#晚点latepost[话题]# #商业[话题]# #外卖[话题]# #美团[话题]# #淘宝[话题]# #阿里[话题]# #京东[话题]# #淘宝闪购[话题]# #奶茶[话题]#  #互联网大厂[话题]#",,1764399622000,1764399623000,640af6f5000000001001f56b,晚点编辑部,https://sns-avatar-qc.xhscdn.com/avatar/1040g2jo31eicm913h2005p0aurqk3tbbhfermio,3761,1192,777,2157,北京,"http://sns-webpic-qc.xhscdn.com/202512041257/975edec78018a470df7bb3beb0de8388/spectrum/1040g34o31pf9ct6f2a105p0aurqk3tbbgtuu4b8!nd_dft_wlteh_webp_3,http://sns-webpic-qc.xhscdn.com/202512041257/47691cbc5b30b5c7e03bfb4192c50a3b/spectrum/1040g34o31pf9d02u2c105p0aurqk3tbb8itucl8!nd_dft_wlteh_webp_3,http://sns-webpic-qc.xhscdn.com/202512041257/35ed90f3f687f5dbd04cc4f1a713a90b/spectrum/1040g34o31pf9d1tm2c105p0aurqk3tbbnfn68d8!nd_dft_wlteh_webp_3,http://sns-webpic-qc.xhscdn.com/202512041257/4f47b5388dd7807d7a393b7bac63daf8/spectrum/1040g0k031pf9d3i93k005p0aurqk3tbbfttsjbo!nd_dft_wlteh_webp_3,http://sns-webpic-qc.xhscdn.com/202512041257/b56ae2a3970ce00008e4f244124ff6ad/spectrum/1040g0k031pf9d58v2a005p0aurqk3tbb580t6dg!nd_dft_wlteh_webp_3,http://sns-webpic-qc.xhscdn.com/202512041257/8d52f7e95bb46b8f660e50ca4ba3d856/spectrum/1040g34o31pf9d7iui4105p0aurqk3tbbf8568j8!nd_dft_wlteh_webp_3,http://sns-webpic-qc.xhscdn.com/202512041257/e998ff6c27b1ee70d207cbd60369d1cc/spectrum/1040g0k031pf9da9f26005p0aurqk3tbbu9pcnl8!nd_dft_wlteh_webp_3,http://sns-webpic-qc.xhscdn.com/202512041257/0ec64e5fbab5dc24727dc75b5a762942/spectrum/1040g34o31pf9df2hic105p0aurqk3tbb7rvtl0g!nd_dft_wlteh_webp_3","晚点latepost,商业,外卖,美团,淘宝,阿里,京东,淘宝闪购,奶茶,互联网大厂",1764824235979,https://www.xiaohongshu.com/explore/692a9a06000000001e00d24c?xsec_token=AB_uS4_aerrpMOBR1VU6Q7FFzO3ghhBah8gZk3n7oCOnc=&xsec_source=pc_search,,AB_uS4_aerrpMOBR1VU6Q7FFzO3ghhBah8gZk3n7oCOnc=
6873220200000000170366b3,normal,说不给就不给了,#外卖大战[话题]# #0元购[话题]# #外卖商战[话题]#,,1752375810000,1752375811000,5be90256a8b0ea0001a7d3cf,雯雯）,https://sns-avatar-qc.xhscdn.com/avatar/1040g2jo31c45q77oh0004bq4bu15dkufk0ugpio,5169,380,685,221,,http://sns-webpic-qc.xhscdn.com/202512041257/615c1db8e69e07b80794b39963890fe0/notes_pre_post/1040g3k031js43jmsj4004bq4bu15dkuf7fhv7go!nd_dft_wlteh_webp_3,"外卖大战,0元购,外卖商战",1764824235981,https://www.xiaohongshu.com/explore/6873220200000000170366b3?xsec_token=ABPKPIDPhCuBP6xWatKQztuk0oXyIvx7FxMno8NSRio-8=&xsec_source=pc_search,,ABPKPIDPhCuBP6xWatKQztuk0oXyIvx7FxMno8NSRio-8=
6854cbc70000000015023851,normal,外卖大战的1元奶茶，年轻人喝不动了,"618结束，持续数月的外卖大战，以每人平均胖3斤的战果，也阶段性告一段落。因为很多人实在喝不下去了。
回顾平均每天一杯奶茶、一杯咖啡的日子，从结果上看，更多是一场高补贴刺激下的单品泡沫狂欢。就当大众以为行业老大会失血过多的时候，雷锋网近日报道称，美团外卖日均单量连日超过9000万单，较去年同期大涨30%，市场份额依然是70%左右。整个外卖市场扩容了，美团还在继续增长，而这个增量，并非来自奶咖的混合炸弹，而是刚需的一日三餐。
﻿#618[话题]#﻿ ﻿#外卖[话题]#﻿ ﻿#奶茶[话题]#﻿",,1750391282000,1750387655000,62397e2e0000000021029618,真故研究室,https://sns-avatar-qc.xhscdn.com/avatar/66323db6e1d428f374f424f0.jpg,1562,639,671,785,,"http://sns-webpic-qc.xhscdn.com/202512041257/e07640d1a6ee23384ea4f6c729219649/spectrum/1040g0k031iug2eoe1i005ohpfon8d5gocmrt4h8!nd_dft_wlteh_webp_3,http://sns-webpic-qc.xhscdn.com/202512041257/f74c907edff7f601b96f8a0b4db47e72/spectrum/1040g0k031iug2eoe1i0g5ohpfon8d5gohr99m3o!nd_dft_wlteh_webp_3,http://sns-webpic-qc.xhscdn.com/202512041257/ba6b04b192f169898c7fbdbf22fd1f2e/spectrum/1040g0k031iug2eoe1i105ohpfon8d5goaeqpe4g!nd_dft_wlteh_webp_3,http://sns-webpic-qc.xhscdn.com/202512041257/39ff5df4b1388c9a308e79b1d14c979f/spectrum/1040g0k031iug2eoe1i1g5ohpfon8d5go0mp9atg!nd_dft_wlteh_webp_3,http://sns-webpic-qc.xhscdn.com/202512041257/1da70cbe50fd243cb0d6a9f38dd12116/spectrum/1040g0k031iug2eoe1i205ohpfon8d5gogudcdl0!nd_dft_wlteh_webp_3,http://sns-webpic-qc.xhscdn.com/202512041257/57e597f4b24685a1353d3404c44679ff/spectrum/1040g0k031iug2eoe1i2g5ohpfon8d5go2cpc8v0!nd_dft_wlteh_webp_3,http://sns-webpic-qc.xhscdn.com/202512041257/f5845f94481f637f623c4672dd2f33f6/spectrum/1040g0k031iug2eoe1i305ohpfon8d5go0b8s9a8!nd_dft_wlteh_webp_3,http://sns-webpic-qc.xhscdn.com/202512041257/7ba9b4f6c2cb53d7769f0c0bbf431003/spectrum/1040g0k031iug2eoe1i3g5ohpfon8d5go8umls28!nd_dft_wlteh_webp_3,http://sns-webpic-qc.xhscdn.com/202512041257/8dc09bbde9d2958c362daf740aadce05/spectrum/1040g0k031iug2eoe1i405ohpfon8d5go6hef460!nd_dft_wlteh_webp_3,http://sns-webpic-qc.xhscdn.com/202512041257/d23869473f4550be261ac0944339cf1a/spectrum/1040g0k031iug2eoe1i4g5ohpfon8d5go4c4if2g!nd_dft_wlteh_webp_3,http://sns-webpic-qc.xhscdn.com/202512041257/1682c1ea98168e2784d3ca9103dcf74d/spectrum/1040g0k031iug2eoe1i505ohpfon8d5go25vlrfo!nd_dft_wlteh_webp_3,http://sns-webpic-qc.xhscdn.com/202512041257/cf10856dff61d3afcce04ea1c7a18791/spectrum/1040g0k031iug2eoe1i5g5ohpfon8d5gofmjna6o!nd_dft_wlteh_webp_3,http://sns-webpic-qc.xhscdn.com/202512041257/b1c67e5c43881cd335aee31a94da58c0/spectrum/1040g0k031iug2eoe1i605ohpfon8d5goa2mbh38!nd_dft_wlteh_webp_3","618,外卖,奶茶",1764824235983,https://www.xiaohongshu.com/explore/6854cbc70000000015023851?xsec_token=ABcP8h6b6YOPlQUguHpC5wko6Hk_15kfjUeADz5LIqyf8=&xsec_source=pc_search,,ABcP8h6b6YOPlQUguHpC5wko6Hk_15kfjUeADz5LIqyf8=
686923d9000000000b02ffdf,normal,茶百道现场已失控,"美团大战的结果
#外卖[话题]##0元[话题]##美团[话题]#",,1751720921000,1755059207000,5e78cf23000000000100445c,小希baby,https://sns-avatar-qc.xhscdn.com/avatar/1040g2jo3131f07p8k2105njopshg8h2sc2kkhsg,1.8万,2640,7501,3.6万,,"http://sns-webpic-qc.xhscdn.com/202512041330/59a0af08245039e4d3ffe44544fd830b/1040g2sg31l43lo93ige05njopshg8h2s5br8tig!nd_dft_wlteh_webp_3,http://sns-webpic-qc.xhscdn.com/202512041330/b3177499ba6d203a19786b75f16be47e/1040g00831kqvc8kpk8205njopshg8h2satt8nqg!nd_dft_wlteh_webp_3","外卖,0元,美团",1764826247997,https://www.xiaohongshu.com/explore/686923d9000000000b02ffdf?xsec_token=ABd4EbuyaZxCNQaIg7UNbElmdwo0cY86oUeVsK-NVCfNo=&xsec_source=pc_search,,ABd4EbuyaZxCNQaIg7UNbElmdwo0cY86oUeVsK-NVCfNo=
68298dc40000000023003401,normal,求求我自己别喝了……,"外卖大战导致我意外摄入2块钱的奶茶，结果昨天碰到了一个高脂血症患者，血抽出来就像加了奶盖的奶茶[完啦R]
不喝了，真的不喝了[完啦R][完啦R]
#外卖大战[话题]# #奶茶[话题]# #高脂血症[话题]# #大基数减肥[话题]# #胰岛素抵抗[话题]#",,1747553732000,1747553733000,563d661b9eb5784c686db1d3,陈不沉的减脂日记,https://sns-avatar-qc.xhscdn.com/avatar/1040g2jo31hn7b7uak200426sgcj1ncejm21kqr8,1.5万,1001,6461,2.4万,,http://sns-webpic-qc.xhscdn.com/202512041330/5fa0f962b532fad8556b9becbfe96599/notes_pre_post/1040g3k031hk8mg5ija00426sgcj1ncejnqi4e38!nd_dft_wlteh_webp_3,"外卖大战,奶茶,高脂血症,大基数减肥,胰岛素抵抗",1764826248810,https://www.xiaohongshu.com/explore/68298dc40000000023003401?xsec_token=ABn0npNkS9z0VPAADoHFQFLVe20pmjmj7snBbzDki_GuE=&xsec_source=pc_search,,ABn0npNkS9z0VPAADoHFQFLVe20pmjmj7snBbzDki_GuE=
687262440000000017030bff,normal,美团外卖大战真的是空前的浪费,"人手一两张自取的免费券，来店里看了一下，很多都是白天线上点的，但是没有人来取[笑哭R]
#美团[话题]# #美团外卖[话题]# #蜜雪冰城[话题]#",,1752326724000,1752326725000,5657133a4476081d8e0c6ee7,阿中啊,https://sns-avatar-qc.xhscdn.com/avatar/1040g2jo30thisa49ke6g4350na9jkrn7ou9j008,610,132,1680,466,,http://sns-webpic-qc.xhscdn.com/202512041330/d1db24ed340f54b44d89775661330a4f/notes_pre_post/1040g3k031jrcnlqaj0604350na9jkrn7srelpfg!nd_dft_wlteh_webp_3,"美团,美团外卖,蜜雪冰城",1764826248814,https://www.xiaohongshu.com/explore/687262440000000017030bff?xsec_token=ABKm3WxjJ_UvKDKqRtbJ0Y_AqPrmnoovP_7SBpEhQBw_4=&xsec_source=pc_search,,ABKm3WxjJ_UvKDKqRtbJ0Y_AqPrmnoovP_7SBpEhQBw_4=
6877302300000000220336f3,normal,外卖大战的第一个牺牲者诞生了！,"办公楼下的星巴克，开了十几年了吧。以前门庭若市，自从同一栋办公楼里开了库迪、瑞幸，更是在这一波外卖大战中终于关门了。星爸爸的B格在2.9元自取的库迪面前毫无招架之力[笑哭R]
当年在星巴克喝十倍价格摆开笔记本畅聊商业计划的伙伴们还好吗？重视拿铁因素的我是一杯自费的星巴克都没喝过，但不妨碍我咖啡因的摄取。最近发现库迪还是贵了，古茗1块多就有!拒绝消费主义，延迟满足永不为奴!
#星巴克[话题]# #外卖大战[话题]# #拿铁因素[话题]# #延迟满足[话题]#",,1752641571000,1752643061000,615919b3000000000201ee37,智虑有失,https://sns-avatar-qc.xhscdn.com/avatar/1040g2jo316s9mj9q3q5g5oap36pgjrhnvq10j50,427,46,997,40,,http://sns-webpic-qc.xhscdn.com/202512041330/bc0c97e7a43d295888097593519ead18/notes_pre_post/1040g3k831k02l5kciocg5oap36pgjrhnvtunka8!nd_dft_wlteh_webp_3,"星巴克,外卖大战,拿铁因素,延迟满足",1764826248817,https://www.xiaohongshu.com/explore/6877302300000000220336f3?xsec_token=ABuE4pTiLTE43WUhcx2_K-UO0cDSxuxpZmL6eRnqWMdOA=&xsec_source=pc_search,,ABuE4pTiLTE43WUhcx2_K-UO0cDSxuxpZmL6eRnqWMdOA=
680c69be000000001c031271,normal,商战中买下一周早餐,#美团京东大战[话题]# #星巴克薅羊毛[话题]#,,1745643966000,1745643967000,641e96c40000000012010f4b,巧克力麦麦,https://sns-avatar-qc.xhscdn.com/avatar/1040g2jo310dhjf31mc005p0uir24i3qbe5c2avo,7299,3090,899,4958,,"http://sns-webpic-qc.xhscdn.com/202512041330/379f567e1f0d015eb41d7cbeea92b6e6/notes_pre_post/1040g3k831gnpsdqu42405p0uir24i3qbrvsc1mg!nd_dft_wlteh_webp_3,http://sns-webpic-qc.xhscdn.com/202512041330/f374b99425c63ec86267b36661501cc9/notes_pre_post/1040g3k831gnpsdqu424g5p0uir24i3qbt80qh50!nd_dft_wlteh_webp_3,http://sns-webpic-qc.xhscdn.com/202512041330/b5482cbf56f7e7747b8617fd3d2a537d/notes_pre_post/1040g3k831gnpsdqu42505p0uir24i3qbo9tp5j8!nd_dft_wlteh_webp_3,http://sns-webpic-qc.xhscdn.com/202512041330/34dc512914ee27861da7aaf4a68a0014/notes_pre_post/1040g3k831gnpsdqu425g5p0uir24i3qb0tlhps8!nd_dft_wlteh_webp_3,http://sns-webpic-qc.xhscdn.com/202512041330/618a7c26b0bb997148907dc1e238b554/notes_pre_post/1040g3k831gnpsdqu42605p0uir24i3qbdsuj3no!nd_dft_wlteh_webp_3","美团京东大战,星巴克薅羊毛",1764826248820,https://www.xiaohongshu.com/explore/680c69be000000001c031271?xsec_token=ABI53UIR7PL7Cgw_tIzbUDb1P-cIBNVwRut9jVeh2XhEQ=&xsec_source=pc_search,,ABI53UIR7PL7Cgw_tIzbUDb1P-cIBNVwRut9jVeh2XhEQ=
6896ca75000000002302bbaa,normal,白月光归国后加入了外卖大战1,"前情提要：妹是高中时期喜欢此男，此男当时一心只想提高妹的成绩，当时就没答应妹宝的告白。
其实还有好多可以说的，我就先不剧透了❗️
#bg[话题]# #言情[话题]# #言情[话题]# #白月光[话题]# #求而不得[话题]# #外卖[话题]# #秋天第一杯奶茶[话题]# #反追[话题]#",,1754712693000,1754788931000,6599625700000000220171d1,明烛疏雨,https://sns-avatar-qc.xhscdn.com/avatar/1040g2jo31pgor76q2o0g5pcpc9boisehmddd6mo,2963,245,786,58,,"http://sns-webpic-qc.xhscdn.com/202512041330/352a58e1cbfcc97d1242f5d3d184e87a/1040g2sg31kuu7iva32705pcpc9boisehr6dipc8!nd_dft_wlteh_webp_3,http://sns-webpic-qc.xhscdn.com/202512041330/6529753271c69e60d275133f09f92e8c/1040g2sg31kuu7iva327g5pcpc9boiseh3voqp50!nd_dft_wlteh_webp_3,http://sns-webpic-qc.xhscdn.com/202512041330/7d9dcb33a89d70fd5be1391e1a27d488/1040g2sg31kuu7iva32905pcpc9boisehe7mo7a0!nd_dft_wlteh_webp_3,http://sns-webpic-qc.xhscdn.com/202512041330/de75affa0883f7e4a3a34173f5c31b2e/1040g2sg31kuu7iva32805pcpc9boiseha0kkmq0!nd_dft_wlteh_webp_3,http://sns-webpic-qc.xhscdn.com/202512041330/4cd12d3c0991983345dd972366523c6a/1040g2sg31kuu7iva329g5pcpc9boisehta5g5ag!nd_dft_wlteh_webp_3,http://sns-webpic-qc.xhscdn.com/202512041330/ae71fceac4811bd742728915f01466e5/1040g2sg31kuu7iva328g5pcpc9boisehv4shf90!nd_dft_wlteh_webp_3,http://sns-webpic-qc.xhscdn.com/202512041330/d3d4c47aa82716eb4e2bb81b3af7568b/1040g2sg31kuu7iva32ag5pcpc9boisehvnseak0!nd_dft_wlteh_webp_3,http://sns-webpic-qc.xhscdn.com/202512041330/dc2b3c766c1fdd4d075ff669de1476fc/1040g2sg31kuu7iva32a05pcpc9boisehpc218k0!nd_dft_wlteh_webp_3,http://sns-webpic-qc.xhscdn.com/202512041330/f7860f5d1dd9fce403d2499956b895c1/1040g2sg31kuu7iva32b05pcpc9boiseh8q95rdg!nd_dft_wlteh_webp_3,http://sns-webpic-qc.xhscdn.com/202512041330/779d7bbf3cbbb27e43d6db3175649e56/1040g2sg31kuu7iva32bg5pcpc9boisehivcp9eg!nd_dft_wlteh_webp_3","bg,言情,白月光,求而不得,外卖,秋天第一杯奶茶,反追",1764826248827,https://www.xiaohongshu.com/explore/6896ca75000000002302bbaa?xsec_token=ABj-U40oAwF118kh4S6MY5SvkrgOIywddteoCh02eACxY=&xsec_source=pc_search,,ABj-U40oAwF118kh4S6MY5SvkrgOIywddteoCh02eACxY=
692a9a06000000001e00d24c,normal,外卖大战的代价,"克劳塞维茨在《战争论》里说：任何战斗都是双方物质力量和精神力量以流血和破坏的方式进行的较量。
	
外卖大战对双方的折磨充分体现在各家的三季报。美团经营利润跌掉 198 亿元，造成上市以来最大亏损。有淘宝造血的阿里，三季度经营利润从 352 亿元跌到 54 亿元，少了 85%。
	
亏损主要因为销售费用激增，主要是今年秋天的外卖补贴。美团三季度销售费用超过了成交额大它快一倍的拼多多。
	
算下来，2025 年二三季度，阿里、美团和京东半年一共烧了超过 1000 亿元。京东在三季度减少投入的情况下，经营利润从 120 亿元转为亏损 10.5 亿元。
	
效率是决定外卖补贴能否持续的根本。
	
二季度阿里说规模提升会让经济模型（UE）亏损缩小一半，本季度基本做到了，因为笔单价提升、非茶饮订单提升至 75%、单均履约成本下降 0.5 元。美团则强调质量，超七成订单价格在 30 元以上。
	
阿里对投资方说，淘宝闪购餐饮外卖 11 月 GMV 市场份额增至 40%——但分母是行业前两名，如果加上京东，它的份额会有所降低。
	
本周营收会上，阿里说下个季度在闪购的投入会显著收缩，而在 AI 基础设施上可能会进一步增投。
	
我们独家了解到，淘宝闪购接下来会在关键时段补贴餐饮外卖，以耗住美团，并计划在明年春天再次发起即时零售大战，重点补贴非餐货品，不会像今年夏天一样发起全面大战。
	
而美团 CEO 王兴说，外卖价格战是低质低价的“内卷式”竞争，坚决反对，也不可持续，但美团预计下季度经营亏损趋势仍会延续。据我们了解，美团认为冬季兼职骑手会变少，可以抢回一部分市场份额。
	
外卖大战也在考验餐饮品牌的效率。目前上市的茶饮咖啡品牌多在港股，只有美股上市的瑞幸、霸王茶姬发布三季报。瑞幸营收环比大幅增长，净利润几乎持平 —— 送了更多饮品，但付了 29 亿配送费，没有赚到更多钱。而霸王茶姬的成交额、营收、净利润都在下跌。
	
没有参战的抖音和拼多多暗度陈仓。抖音到店和电商都在加速逼近第一名，拼多多电商和社区团购继续增长，储备更多现金。#晚点latepost[话题]# #商业[话题]# #外卖[话题]# #美团[话题]# #淘宝[话题]# #阿里[话题]# #京东[话题]# #淘宝闪购[话题]# #奶茶[话题]#  #互联网大厂[话题]#",,1764399622000,1764399623000,640af6f5000000001001f56b,晚点编辑部,https://sns-avatar-qc.xhscdn.com/avatar/1040g2jo31eicm913h2005p0aurqk3tbbhfermio,3765,1193,777,2157,北京,"http://sns-webpic-qc.xhscdn.com/202512041330/55f18cde5f4a246f3ebda2309a7eb190/spectrum/1040g34o31pf9ct6f2a105p0aurqk3tbbgtuu4b8!nd_dft_wlteh_webp_3,http://sns-webpic-qc.xhscdn.com/202512041330/86d51ec50493601cd1d7f3afc81babc4/spectrum/1040g34o31pf9d02u2c105p0aurqk3tbb8itucl8!nd_dft_wlteh_webp_3,http://sns-webpic-qc.xhscdn.com/202512041330/e647bcb63e229dc4ac3f7ccdcf19abc5/spectrum/1040g34o31pf9d1tm2c105p0aurqk3tbbnfn68d8!nd_dft_wlteh_webp_3,http://sns-webpic-qc.xhscdn.com/202512041330/0545a881db4742469306c2a8b42b391d/spectrum/1040g0k031pf9d3i93k005p0aurqk3tbbfttsjbo!nd_dft_wlteh_webp_3,http://sns-webpic-qc.xhscdn.com/202512041330/4244a5d296d5817b71c52b3d652594da/spectrum/1040g0k031pf9d58v2a005p0aurqk3tbb580t6dg!nd_dft_wlteh_webp_3,http://sns-webpic-qc.xhscdn.com/202512041330/b261e7a29a6850cf9996b254ab56b7fa/spectrum/1040g34o31pf9d7iui4105p0aurqk3tbbf8568j8!nd_dft_wlteh_webp_3,http://sns-webpic-qc.xhscdn.com/202512041330/753a699ea962af62549e2a133b0abce5/spectrum/1040g0k031pf9da9f26005p0aurqk3tbbu9pcnl8!nd_dft_wlteh_webp_3,http://sns-webpic-qc.xhscdn.com/202512041330/28780344c4e0d39392d94b6fe2ffc22a/spectrum/1040g34o31pf9df2hic105p0aurqk3tbb7rvtl0g!nd_dft_wlteh_webp_3","晚点latepost,商业,外卖,美团,淘宝,阿里,京东,淘宝闪购,奶茶,互联网大厂",1764826248833,https://www.xiaohongshu.com/explore/692a9a06000000001e00d24c?xsec_token=AB_uS4_aerrpMOBR1VU6Q7FFzO3ghhBah8gZk3n7oCOnc=&xsec_source=pc_search,,AB_uS4_aerrpMOBR1VU6Q7FFzO3ghhBah8gZk3n7oCOnc=
6873220200000000170366b3,normal,说不给就不给了,#外卖大战[话题]# #0元购[话题]# #外卖商战[话题]#,,1752375810000,1752375811000,5be90256a8b0ea0001a7d3cf,雯雯）,https://sns-avatar-qc.xhscdn.com/avatar/1040g2jo31c45q77oh0004bq4bu15dkufk0ugpio,5169,380,685,221,,http://sns-webpic-qc.xhscdn.com/202512041330/becdb055fe06645cf9b12f9c35371ebc/notes_pre_post/1040g3k031js43jmsj4004bq4bu15dkuf7fhv7go!nd_dft_wlteh_webp_3,"外卖大战,0元购,外卖商战",1764826248834,https://www.xiaohongshu.com/explore/6873220200000000170366b3?xsec_token=ABPKPIDPhCuBP6xWatKQztuk0oXyIvx7FxMno8NSRio-8=&xsec_source=pc_search,,ABPKPIDPhCuBP6xWatKQztuk0oXyIvx7FxMno8NSRio-8=
6854cbc70000000015023851,normal,外卖大战的1元奶茶，年轻人喝不动了,"618结束，持续数月的外卖大战，以每人平均胖3斤的战果，也阶段性告一段落。因为很多人实在喝不下去了。
回顾平均每天一杯奶茶、一杯咖啡的日子，从结果上看，更多是一场高补贴刺激下的单品泡沫狂欢。就当大众以为行业老大会失血过多的时候，雷锋网近日报道称，美团外卖日均单量连日超过9000万单，较去年同期大涨30%，市场份额依然是70%左右。整个外卖市场扩容了，美团还在继续增长，而这个增量，并非来自奶咖的混合炸弹，而是刚需的一日三餐。
﻿#618[话题]#﻿ ﻿#外卖[话题]#﻿ ﻿#奶茶[话题]#﻿",,1750391282000,1750387655000,62397e2e0000000021029618,真故研究室,https://sns-avatar-qc.xhscdn.com/avatar/66323db6e1d428f374f424f0.jpg,1562,639,671,785,,"http://sns-webpic-qc.xhscdn.com/202512041330/b5aadd0f6bfee20f7aa95c03e10a80fd/spectrum/1040g0k031iug2eoe1i005ohpfon8d5gocmrt4h8!nd_dft_wlteh_webp_3,http://sns-webpic-qc.xhscdn.com/202512041330/76ff4f46f5120229d603d208cc4ab779/spectrum/1040g0k031iug2eoe1i0g5ohpfon8d5gohr99m3o!nd_dft_wlteh_webp_3,http://sns-webpic-qc.xhscdn.com/202512041330/dbd5106714b048260b46c5dacf20f063/spectrum/1040g0k031iug2eoe1i105ohpfon8d5goaeqpe4g!nd_dft_wlteh_webp_3,http://sns-webpic-qc.xhscdn.com/202512041330/2c6747366bf134b04ad5f55ee85ca5cc/spectrum/1040g0k031iug2eoe1i1g5ohpfon8d5go0mp9atg!nd_dft_wlteh_webp_3,http://sns-webpic-qc.xhscdn.com/202512041330/322632e0e0a8cbffbd1f289917d0bcd1/spectrum/1040g0k031iug2eoe1i205ohpfon8d5gogudcdl0!nd_dft_wlteh_webp_3,http://sns-webpic-qc.xhscdn.com/202512041330/7ae58abdfb07266045f3f09eb0b87432/spectrum/1040g0k031iug2eoe1i2g5ohpfon8d5go2cpc8v0!nd_dft_wlteh_webp_3,http://sns-webpic-qc.xhscdn.com/202512041330/824e6a805c79fbcbf64ff5ce384f975d/spectrum/1040g0k031iug2eoe1i305ohpfon8d5go0b8s9a8!nd_dft_wlteh_webp_3,http://sns-webpic-qc.xhscdn.com/202512041330/e3b22dd5e637cfd02194cbb3dad38bd0/spectrum/1040g0k031iug2eoe1i3g5ohpfon8d5go8umls28!nd_dft_wlteh_webp_3,http://sns-webpic-qc.xhscdn.com/202512041330/cdacf04353ddbcf2cba2eb8e722f4921/spectrum/1040g0k031iug2eoe1i405ohpfon8d5go6hef460!nd_dft_wlteh_webp_3,http://sns-webpic-qc.xhscdn.com/202512041330/9dfa512b2b05139b3770b2e201708dad/spectrum/1040g0k031iug2eoe1i4g5ohpfon8d5go4c4if2g!nd_dft_wlteh_webp_3,http://sns-webpic-qc.xhscdn.com/202512041330/22d7b200315b290641079ca1eeaa5707/spectrum/1040g0k031iug2eoe1i505ohpfon8d5go25vlrfo!nd_dft_wlteh_webp_3,http://sns-webpic-qc.xhscdn.com/202512041330/81a931989348dc076f2ef733cda556a9/spectrum/1040g0k031iug2eoe1i5g5ohpfon8d5gofmjna6o!nd_dft_wlteh_webp_3,http://sns-webpic-qc.xhscdn.com/202512041330/bdd7670f58b06934f1b6905408f3dec8/spectrum/1040g0k031iug2eoe1i605ohpfon8d5goa2mbh38!nd_dft_wlteh_webp_3","618,外卖,奶茶",1764826248842,https://www.xiaohongshu.com/explore/6854cbc70000000015023851?xsec_token=ABcP8h6b6YOPlQUguHpC5wko6Hk_15kfjUeADz5LIqyf8=&xsec_source=pc_search,,ABcP8h6b6YOPlQUguHpC5wko6Hk_15kfjUeADz5LIqyf8=
686923d9000000000b02ffdf,normal,茶百道现场已失控,"美团大战的结果
#外卖[话题]##0元[话题]##美团[话题]#",,1751720921000,1755059207000,5e78cf23000000000100445c,小希baby,https://sns-avatar-qc.xhscdn.com/avatar/1040g2jo3131f07p8k2105njopshg8h2sc2kkhsg,1.8万,2640,7501,3.6万,,"http://sns-webpic-qc.xhscdn.com/202512041359/23cb23aa72936878b98775d77e5f3a72/1040g2sg31l43lo93ige05njopshg8h2s5br8tig!nd_dft_wlteh_webp_3,http://sns-webpic-qc.xhscdn.com/202512041359/01f01b9b695530b5a94240c018f83748/1040g00831kqvc8kpk8205njopshg8h2satt8nqg!nd_dft_wlteh_webp_3","外卖,0元,美团",1764827997269,https://www.xiaohongshu.com/explore/686923d9000000000b02ffdf?xsec_token=ABd4EbuyaZxCNQaIg7UNbElmdwo0cY86oUeVsK-NVCfNo=&xsec_source=pc_search,,ABd4EbuyaZxCNQaIg7UNbElmdwo0cY86oUeVsK-NVCfNo=
68298dc40000000023003401,normal,求求我自己别喝了……,"外卖大战导致我意外摄入2块钱的奶茶，结果昨天碰到了一个高脂血症患者，血抽出来就像加了奶盖的奶茶[完啦R]
不喝了，真的不喝了[完啦R][完啦R]
#外卖大战[话题]# #奶茶[话题]# #高脂血症[话题]# #大基数减肥[话题]# #胰岛素抵抗[话题]#",,1747553732000,1747553733000,563d661b9eb5784c686db1d3,陈不沉的减脂日记,https://sns-avatar-qc.xhscdn.com/avatar/1040g2jo31hn7b7uak200426sgcj1ncejm21kqr8,1.5万,1001,6462,2.4万,,http://sns-webpic-qc.xhscdn.com/202512041359/9a145c7ba4bd788b9c0fb64b8e74f097/notes_pre_post/1040g3k031hk8mg5ija00426sgcj1ncejnqi4e38!nd_dft_wlteh_webp_3,"外卖大战,奶茶,高脂血症,大基数减肥,胰岛素抵抗",1764827997996,https://www.xiaohongshu.com/explore/68298dc40000000023003401?xsec_token=ABn0npNkS9z0VPAADoHFQFLVe20pmjmj7snBbzDki_GuE=&xsec_source=pc_search,,ABn0npNkS9z0VPAADoHFQFLVe20pmjmj7snBbzDki_GuE=
687262440000000017030bff,normal,美团外卖大战真的是空前的浪费,"人手一两张自取的免费券，来店里看了一下，很多都是白天线上点的，但是没有人来取[笑哭R]
#美团[话题]# #美团外卖[话题]# #蜜雪冰城[话题]#",,1752326724000,1752326725000,5657133a4476081d8e0c6ee7,阿中啊,https://sns-avatar-qc.xhscdn.com/avatar/1040g2jo30thisa49ke6g4350na9jkrn7ou9j008,610,132,1680,466,,http://sns-webpic-qc.xhscdn.com/202512041359/9e0807c0f5fe25ba9aeda2dd6a04597a/notes_pre_post/1040g3k031jrcnlqaj0604350na9jkrn7srelpfg!nd_dft_wlteh_webp_3,"美团,美团外卖,蜜雪冰城",1764827998000,https://www.xiaohongshu.com/explore/687262440000000017030bff?xsec_token=ABKm3WxjJ_UvKDKqRtbJ0Y_AqPrmnoovP_7SBpEhQBw_4=&xsec_source=pc_search,,ABKm3WxjJ_UvKDKqRtbJ0Y_AqPrmnoovP_7SBpEhQBw_4=
6877302300000000220336f3,normal,外卖大战的第一个牺牲者诞生了！,"办公楼下的星巴克，开了十几年了吧。以前门庭若市，自从同一栋办公楼里开了库迪、瑞幸，更是在这一波外卖大战中终于关门了。星爸爸的B格在2.9元自取的库迪面前毫无招架之力[笑哭R]
当年在星巴克喝十倍价格摆开笔记本畅聊商业计划的伙伴们还好吗？重视拿铁因素的我是一杯自费的星巴克都没喝过，但不妨碍我咖啡因的摄取。最近发现库迪还是贵了，古茗1块多就有!拒绝消费主义，延迟满足永不为奴!
#星巴克[话题]# #外卖大战[话题]# #拿铁因素[话题]# #延迟满足[话题]#",,1752641571000,1752643061000,615919b3000000000201ee37,智虑有失,https://sns-avatar-qc.xhscdn.com/avatar/1040g2jo316s9mj9q3q5g5oap36pgjrhnvq10j50,427,46,997,40,,http://sns-webpic-qc.xhscdn.com/202512041359/34df68838448a8361870c6f2adb1100d/notes_pre_post/1040g3k831k02l5kciocg5oap36pgjrhnvtunka8!nd_dft_wlteh_webp_3,"星巴克,外卖大战,拿铁因素,延迟满足",1764827998000,https://www.xiaohongshu.com/explore/6877302300000000220336f3?xsec_token=ABuE4pTiLTE43WUhcx2_K-UO0cDSxuxpZmL6eRnqWMdOA=&xsec_source=pc_search,,ABuE4pTiLTE43WUhcx2_K-UO0cDSxuxpZmL6eRnqWMdOA=
680c69be000000001c031271,normal,商战中买下一周早餐,#美团京东大战[话题]# #星巴克薅羊毛[话题]#,,1745643966000,1745643967000,641e96c40000000012010f4b,巧克力麦麦,https://sns-avatar-qc.xhscdn.com/avatar/1040g2jo310dhjf31mc005p0uir24i3qbe5c2avo,7299,3090,899,4958,,"http://sns-webpic-qc.xhscdn.com/202512041359/936b61d2c797f1c780744b9e2097e347/notes_pre_post/1040g3k831gnpsdqu42405p0uir24i3qbrvsc1mg!nd_dft_wlteh_webp_3,http://sns-webpic-qc.xhscdn.com/202512041359/2980560e22d8070d411356d0004f4d8f/notes_pre_post/1040g3k831gnpsdqu424g5p0uir24i3qbt80qh50!nd_dft_wlteh_webp_3,http://sns-webpic-qc.xhscdn.com/202512041359/ba4af4041bcc3bbf5d9fa464abf87df7/notes_pre_post/1040g3k831gnpsdqu42505p0uir24i3qbo9tp5j8!nd_dft_wlteh_webp_3,http://sns-webpic-qc.xhscdn.com/202512041359/a6ddf1008d5ee2b1c58e119407b4b244/notes_pre_post/1040g3k831gnpsdqu425g5p0uir24i3qb0tlhps8!nd_dft_wlteh_webp_3,http://sns-webpic-qc.xhscdn.com/202512041359/f8eaf544fb0dc787d7d2faf84d454127/notes_pre_post/1040g3k831gnpsdqu42605p0uir24i3qbdsuj3no!nd_dft_wlteh_webp_3","美团京东大战,星巴克薅羊毛",1764827998004,https://www.xiaohongshu.com/explore/680c69be000000001c031271?xsec_token=ABI53UIR7PL7Cgw_tIzbUDb1P-cIBNVwRut9jVeh2XhEQ=&xsec_source=pc_search,,ABI53UIR7PL7Cgw_tIzbUDb1P-cIBNVwRut9jVeh2XhEQ=
6896ca75000000002302bbaa,normal,白月光归国后加入了外卖大战1,"前情提要：妹是高中时期喜欢此男，此男当时一心只想提高妹的成绩，当时就没答应妹宝的告白。
其实还有好多可以说的，我就先不剧透了❗️
#bg[话题]# #言情[话题]# #言情[话题]# #白月光[话题]# #求而不得[话题]# #外卖[话题]# #秋天第一杯奶茶[话题]# #反追[话题]#",,1754712693000,1754788931000,6599625700000000220171d1,明烛疏雨,https://sns-avatar-qc.xhscdn.com/avatar/1040g2jo31pgor76q2o0g5pcpc9boisehmddd6mo,2963,245,786,58,,"http://sns-webpic-qc.xhscdn.com/202512041359/93b51fa1038d207fa80e2d1fa6b920f0/1040g2sg31kuu7iva32705pcpc9boisehr6dipc8!nd_dft_wlteh_webp_3,http://sns-webpic-qc.xhscdn.com/202512041359/da12ba387907e216537b0f23c6b32b89/1040g2sg31kuu7iva327g5pcpc9boiseh3voqp50!nd_dft_wlteh_webp_3,http://sns-webpic-qc.xhscdn.com/202512041359/63a39df557c6f72015893f1aec0b6379/1040g2sg31kuu7iva32905pcpc9boisehe7mo7a0!nd_dft_wlteh_webp_3,http://sns-webpic-qc.xhscdn.com/202512041359/f249518c4eca341afe6c47fc25a4c5a5/1040g2sg31kuu7iva32805pcpc9boiseha0kkmq0!nd_dft_wlteh_webp_3,http://sns-webpic-qc.xhscdn.com/202512041359/bcdc43da60c817253ee152a52497ef47/1040g2sg31kuu7iva329g5pcpc9boisehta5g5ag!nd_dft_wlteh_webp_3,http://sns-webpic-qc.xhscdn.com/202512041359/529ead06fe708353e3b6950ffe473daf/1040g2sg31kuu7iva328g5pcpc9boisehv4shf90!nd_dft_wlteh_webp_3,http://sns-webpic-qc.xhscdn.com/202512041359/70cbb232171cac6593dc250f095fc5fc/1040g2sg31kuu7iva32ag5pcpc9boisehvnseak0!nd_dft_wlteh_webp_3,http://sns-webpic-qc.xhscdn.com/202512041359/188216954a075726117f586f1120a98a/1040g2sg31kuu7iva32a05pcpc9boisehpc218k0!nd_dft_wlteh_webp_3,http://sns-webpic-qc.xhscdn.com/202512041359/c1e3ad7d35136538ab3d45dfd4394acd/1040g2sg31kuu7iva32b05pcpc9boiseh8q95rdg!nd_dft_wlteh_webp_3,http://sns-webpic-qc.xhscdn.com/202512041359/c6851cc0500905ea9b2790e50ec7ddf6/1040g2sg31kuu7iva32bg5pcpc9boisehivcp9eg!nd_dft_wlteh_webp_3","bg,言情,白月光,求而不得,外卖,秋天第一杯奶茶,反追",1764827998015,https://www.xiaohongshu.com/explore/6896ca75000000002302bbaa?xsec_token=ABj-U40oAwF118kh4S6MY5SvkrgOIywddteoCh02eACxY=&xsec_source=pc_search,,ABj-U40oAwF118kh4S6MY5SvkrgOIywddteoCh02eACxY=
692a9a06000000001e00d24c,normal,外卖大战的代价,"克劳塞维茨在《战争论》里说：任何战斗都是双方物质力量和精神力量以流血和破坏的方式进行的较量。
	
外卖大战对双方的折磨充分体现在各家的三季报。美团经营利润跌掉 198 亿元，造成上市以来最大亏损。有淘宝造血的阿里，三季度经营利润从 352 亿元跌到 54 亿元，少了 85%。
	
亏损主要因为销售费用激增，主要是今年秋天的外卖补贴。美团三季度销售费用超过了成交额大它快一倍的拼多多。
	
算下来，2025 年二三季度，阿里、美团和京东半年一共烧了超过 1000 亿元。京东在三季度减少投入的情况下，经营利润从 120 亿元转为亏损 10.5 亿元。
	
效率是决定外卖补贴能否持续的根本。
	
二季度阿里说规模提升会让经济模型（UE）亏损缩小一半，本季度基本做到了，因为笔单价提升、非茶饮订单提升至 75%、单均履约成本下降 0.5 元。美团则强调质量，超七成订单价格在 30 元以上。
	
阿里对投资方说，淘宝闪购餐饮外卖 11 月 GMV 市场份额增至 40%——但分母是行业前两名，如果加上京东，它的份额会有所降低。
	
本周营收会上，阿里说下个季度在闪购的投入会显著收缩，而在 AI 基础设施上可能会进一步增投。
	
我们独家了解到，淘宝闪购接下来会在关键时段补贴餐饮外卖，以耗住美团，并计划在明年春天再次发起即时零售大战，重点补贴非餐货品，不会像今年夏天一样发起全面大战。
	
而美团 CEO 王兴说，外卖价格战是低质低价的“内卷式”竞争，坚决反对，也不可持续，但美团预计下季度经营亏损趋势仍会延续。据我们了解，美团认为冬季兼职骑手会变少，可以抢回一部分市场份额。
	
外卖大战也在考验餐饮品牌的效率。目前上市的茶饮咖啡品牌多在港股，只有美股上市的瑞幸、霸王茶姬发布三季报。瑞幸营收环比大幅增长，净利润几乎持平 —— 送了更多饮品，但付了 29 亿配送费，没有赚到更多钱。而霸王茶姬的成交额、营收、净利润都在下跌。
	
没有参战的抖音和拼多多暗度陈仓。抖音到店和电商都在加速逼近第一名，拼多多电商和社区团购继续增长，储备更多现金。#晚点latepost[话题]# #商业[话题]# #外卖[话题]# #美团[话题]# #淘宝[话题]# #阿里[话题]# #京东[话题]# #淘宝闪购[话题]# #奶茶[话题]#  #互联网大厂[话题]#",,1764399622000,1764399623000,640af6f5000000001001f56b,晚点编辑部,https://sns-avatar-qc.xhscdn.com/avatar/1040g2jo31eicm913h2005p0aurqk3tbbhfermio,3766,1193,777,2158,北京,"http://sns-webpic-qc.xhscdn.com/202512041359/c87d680c5b9cf97ae2d9eff8c9319f4b/spectrum/1040g34o31pf9ct6f2a105p0aurqk3tbbgtuu4b8!nd_dft_wlteh_webp_3,http://sns-webpic-qc.xhscdn.com/202512041359/5e7b2c95a8f0e60ed6a714e509a4fb45/spectrum/1040g34o31pf9d02u2c105p0aurqk3tbb8itucl8!nd_dft_wlteh_webp_3,http://sns-webpic-qc.xhscdn.com/202512041359/67c093fbf0dc04c3806a59dbd8a33e29/spectrum/1040g34o31pf9d1tm2c105p0aurqk3tbbnfn68d8!nd_dft_wlteh_webp_3,http://sns-webpic-qc.xhscdn.com/202512041359/61af62ec1607b875df6da673c8542faf/spectrum/1040g0k031pf9d3i93k005p0aurqk3tbbfttsjbo!nd_dft_wlteh_webp_3,http://sns-webpic-qc.xhscdn.com/202512041359/16d424fc5623a139c651d2ba6dcd060f/spectrum/1040g0k031pf9d58v2a005p0aurqk3tbb580t6dg!nd_dft_wlteh_webp_3,http://sns-webpic-qc.xhscdn.com/202512041359/e43ecee226e1b635b7481421a8a3cd84/spectrum/1040g34o31pf9d7iui4105p0aurqk3tbbf8568j8!nd_dft_wlteh_webp_3,http://sns-webpic-qc.xhscdn.com/202512041359/f144f68cf45aa57bfa2e00a1fde76c6e/spectrum/1040g0k031pf9da9f26005p0aurqk3tbbu9pcnl8!nd_dft_wlteh_webp_3,http://sns-webpic-qc.xhscdn.com/202512041359/cbbbc06d85530a91120384fb7c9c7aff/spectrum/1040g34o31pf9df2hic105p0aurqk3tbb7rvtl0g!nd_dft_wlteh_webp_3","晚点latepost,商业,外卖,美团,淘宝,阿里,京东,淘宝闪购,奶茶,互联网大厂",1764827998018,https://www.xiaohongshu.com/explore/692a9a06000000001e00d24c?xsec_token=AB_uS4_aerrpMOBR1VU6Q7FFzO3ghhBah8gZk3n7oCOnc=&xsec_source=pc_search,,AB_uS4_aerrpMOBR1VU6Q7FFzO3ghhBah8gZk3n7oCOnc=
6873220200000000170366b3,normal,说不给就不给了,#外卖大战[话题]# #0元购[话题]# #外卖商战[话题]#,,1752375810000,1752375811000,5be90256a8b0ea0001a7d3cf,雯雯）,https://sns-avatar-qc.xhscdn.com/avatar/1040g2jo31c45q77oh0004bq4bu15dkufk0ugpio,5169,380,685,221,,http://sns-webpic-qc.xhscdn.com/202512041359/302509613b08d431c07b417fd6f3122d/notes_pre_post/1040g3k031js43jmsj4004bq4bu15dkuf7fhv7go!nd_dft_wlteh_webp_3,"外卖大战,0元购,外卖商战",1764827998023,https://www.xiaohongshu.com/explore/6873220200000000170366b3?xsec_token=ABPKPIDPhCuBP6xWatKQztuk0oXyIvx7FxMno8NSRio-8=&xsec_source=pc_search,,ABPKPIDPhCuBP6xWatKQztuk0oXyIvx7FxMno8NSRio-8=
6854cbc70000000015023851,normal,外卖大战的1元奶茶，年轻人喝不动了,"618结束，持续数月的外卖大战，以每人平均胖3斤的战果，也阶段性告一段落。因为很多人实在喝不下去了。
回顾平均每天一杯奶茶、一杯咖啡的日子，从结果上看，更多是一场高补贴刺激下的单品泡沫狂欢。就当大众以为行业老大会失血过多的时候，雷锋网近日报道称，美团外卖日均单量连日超过9000万单，较去年同期大涨30%，市场份额依然是70%左右。整个外卖市场扩容了，美团还在继续增长，而这个增量，并非来自奶咖的混合炸弹，而是刚需的一日三餐。
﻿#618[话题]#﻿ ﻿#外卖[话题]#﻿ ﻿#奶茶[话题]#﻿",,1750391282000,1750387655000,62397e2e0000000021029618,真故研究室,https://sns-avatar-qc.xhscdn.com/avatar/66323db6e1d428f374f424f0.jpg,1562,639,671,785,,"http://sns-webpic-qc.xhscdn.com/202512041359/b175613df9cf14ecb15bce32ef7d26f6/spectrum/1040g0k031iug2eoe1i005ohpfon8d5gocmrt4h8!nd_dft_wlteh_webp_3,http://sns-webpic-qc.xhscdn.com/202512041359/300d8314f9802ccb227df9462f0fd2ee/spectrum/1040g0k031iug2eoe1i0g5ohpfon8d5gohr99m3o!nd_dft_wlteh_webp_3,http://sns-webpic-qc.xhscdn.com/202512041359/65498c93641fc9ff6cdee044fdd10d43/spectrum/1040g0k031iug2eoe1i105ohpfon8d5goaeqpe4g!nd_dft_wlteh_webp_3,http://sns-webpic-qc.xhscdn.com/202512041359/020d18369dd3fdd60a7f382b12a6dc66/spectrum/1040g0k031iug2eoe1i1g5ohpfon8d5go0mp9atg!nd_dft_wlteh_webp_3,http://sns-webpic-qc.xhscdn.com/202512041359/0e9c5b31f9cdc06f77d91ad04d6074bc/spectrum/1040g0k031iug2eoe1i205ohpfon8d5gogudcdl0!nd_dft_wlteh_webp_3,http://sns-webpic-qc.xhscdn.com/202512041359/2ea7fc892c34a2f86223af127fc11397/spectrum/1040g0k031iug2eoe1i2g5ohpfon8d5go2cpc8v0!nd_dft_wlteh_webp_3,http://sns-webpic-qc.xhscdn.com/202512041359/02a84e18b335b9df6cd6e05e73f7d165/spectrum/1040g0k031iug2eoe1i305ohpfon8d5go0b8s9a8!nd_dft_wlteh_webp_3,http://sns-webpic-qc.xhscdn.com/202512041359/79f05e3704d5f3ccd646f993f205f74e/spectrum/1040g0k031iug2eoe1i3g5ohpfon8d5go8umls28!nd_dft_wlteh_webp_3,http://sns-webpic-qc.xhscdn.com/202512041359/b2e19b92b68bb9d4cb03b0c9023b7690/spectrum/1040g0k031iug2eoe1i405ohpfon8d5go6hef460!nd_dft_wlteh_webp_3,http://sns-webpic-qc.xhscdn.com/202512041359/bee318afa05b0a5bb8e46a7a1b1f2d92/spectrum/1040g0k031iug2eoe1i4g5ohpfon8d5go4c4if2g!nd_dft_wlteh_webp_3,http://sns-webpic-qc.xhscdn.com/202512041359/3399ceb9721d87b8260a3825a1bf7dd3/spectrum/1040g0k031iug2eoe1i505ohpfon8d5go25vlrfo!nd_dft_wlteh_webp_3,http://sns-webpic-qc.xhscdn.com/202512041359/15583a7dfef5f3fbc0e63bf32014aebf/spectrum/1040g0k031iug2eoe1i5g5ohpfon8d5gofmjna6o!nd_dft_wlteh_webp_3,http://sns-webpic-qc.xhscdn.com/202512041359/fe9fa8bb68cf710a393ebce8667e6858/spectrum/1040g0k031iug2eoe1i605ohpfon8d5goa2mbh38!nd_dft_wlteh_webp_3","618,外卖,奶茶",1764827998031,https://www.xiaohongshu.com/explore/6854cbc70000000015023851?xsec_token=ABcP8h6b6YOPlQUguHpC5wko6Hk_15kfjUeADz5LIqyf8=&xsec_source=pc_search,,ABcP8h6b6YOPlQUguHpC5wko6Hk_15kfjUeADz5LIqyf8=
686923d9000000000b02ffdf,normal,茶百道现场已失控,"美团大战的结果
#外卖[话题]##0元[话题]##美团[话题]#",,1751720921000,1755059207000,5e78cf23000000000100445c,小希baby,https://sns-avatar-qc.xhscdn.com/avatar/1040g2jo3131f07p8k2105njopshg8h2sc2kkhsg,1.8万,2640,7501,3.6万,,"http://sns-webpic-qc.xhscdn.com/202512041401/7b885992e24024e6dcf6ade734f09a81/1040g2sg31l43lo93ige05njopshg8h2s5br8tig!nd_dft_wlteh_webp_3,http://sns-webpic-qc.xhscdn.com/202512041401/0a2bacbaf79f387a1883f4e7340027e3/1040g00831kqvc8kpk8205njopshg8h2satt8nqg!nd_dft_wlteh_webp_3","外卖,0元,美团",1764828099828,https://www.xiaohongshu.com/explore/686923d9000000000b02ffdf?xsec_token=ABd4EbuyaZxCNQaIg7UNbElmdwo0cY86oUeVsK-NVCfNo=&xsec_source=pc_search,,ABd4EbuyaZxCNQaIg7UNbElmdwo0cY86oUeVsK-NVCfNo=
68298dc40000000023003401,normal,求求我自己别喝了……,"外卖大战导致我意外摄入2块钱的奶茶，结果昨天碰到了一个高脂血症患者，血抽出来就像加了奶盖的奶茶[完啦R]
不喝了，真的不喝了[完啦R][完啦R]
#外卖大战[话题]# #奶茶[话题]# #高脂血症[话题]# #大基数减肥[话题]# #胰岛素抵抗[话题]#",,1747553732000,1747553733000,563d661b9eb5784c686db1d3,陈不沉的减脂日记,https://sns-avatar-qc.xhscdn.com/avatar/1040g2jo31hn7b7uak200426sgcj1ncejm21kqr8,1.5万,1001,6462,2.4万,,http://sns-webpic-qc.xhscdn.com/202512041401/9a47bb8b4e483ce1a9cd0eaad02c35db/notes_pre_post/1040g3k031hk8mg5ija00426sgcj1ncejnqi4e38!nd_dft_wlteh_webp_3,"外卖大战,奶茶,高脂血症,大基数减肥,胰岛素抵抗",1764828100737,https://www.xiaohongshu.com/explore/68298dc40000000023003401?xsec_token=ABn0npNkS9z0VPAADoHFQFLVe20pmjmj7snBbzDki_GuE=&xsec_source=pc_search,,ABn0npNkS9z0VPAADoHFQFLVe20pmjmj7snBbzDki_GuE=
687262440000000017030bff,normal,美团外卖大战真的是空前的浪费,"人手一两张自取的免费券，来店里看了一下，很多都是白天线上点的，但是没有人来取[笑哭R]
#美团[话题]# #美团外卖[话题]# #蜜雪冰城[话题]#",,1752326724000,1752326725000,5657133a4476081d8e0c6ee7,阿中啊,https://sns-avatar-qc.xhscdn.com/avatar/1040g2jo30thisa49ke6g4350na9jkrn7ou9j008,610,132,1680,466,,http://sns-webpic-qc.xhscdn.com/202512041401/f2aca46a02a55f1bdd1fad7ee8114544/notes_pre_post/1040g3k031jrcnlqaj0604350na9jkrn7srelpfg!nd_dft_wlteh_webp_3,"美团,美团外卖,蜜雪冰城",1764828100741,https://www.xiaohongshu.com/explore/687262440000000017030bff?xsec_token=ABKm3WxjJ_UvKDKqRtbJ0Y_AqPrmnoovP_7SBpEhQBw_4=&xsec_source=pc_search,,ABKm3WxjJ_UvKDKqRtbJ0Y_AqPrmnoovP_7SBpEhQBw_4=
6877302300000000220336f3,normal,外卖大战的第一个牺牲者诞生了！,"办公楼下的星巴克，开了十几年了吧。以前门庭若市，自从同一栋办公楼里开了库迪、瑞幸，更是在这一波外卖大战中终于关门了。星爸爸的B格在2.9元自取的库迪面前毫无招架之力[笑哭R]
当年在星巴克喝十倍价格摆开笔记本畅聊商业计划的伙伴们还好吗？重视拿铁因素的我是一杯自费的星巴克都没喝过，但不妨碍我咖啡因的摄取。最近发现库迪还是贵了，古茗1块多就有!拒绝消费主义，延迟满足永不为奴!
#星巴克[话题]# #外卖大战[话题]# #拿铁因素[话题]# #延迟满足[话题]#",,1752641571000,1752643061000,615919b3000000000201ee37,智虑有失,https://sns-avatar-qc.xhscdn.com/avatar/1040g2jo316s9mj9q3q5g5oap36pgjrhnvq10j50,427,46,997,40,,http://sns-webpic-qc.xhscdn.com/202512041401/e0883d1dd865945c4e2f65ba412208e0/notes_pre_post/1040g3k831k02l5kciocg5oap36pgjrhnvtunka8!nd_dft_wlteh_webp_3,"星巴克,外卖大战,拿铁因素,延迟满足",1764828100742,https://www.xiaohongshu.com/explore/6877302300000000220336f3?xsec_token=ABuE4pTiLTE43WUhcx2_K-UO0cDSxuxpZmL6eRnqWMdOA=&xsec_source=pc_search,,ABuE4pTiLTE43WUhcx2_K-UO0cDSxuxpZmL6eRnqWMdOA=
680c69be000000001c031271,normal,商战中买下一周早餐,#美团京东大战[话题]# #星巴克薅羊毛[话题]#,,1745643966000,1745643967000,641e96c40000000012010f4b,巧克力麦麦,https://sns-avatar-qc.xhscdn.com/avatar/1040g2jo310dhjf31mc005p0uir24i3qbe5c2avo,7299,3090,899,4958,,"http://sns-webpic-qc.xhscdn.com/202512041401/3d0028af78d854fd3ffc84b0c9c066a6/notes_pre_post/1040g3k831gnpsdqu42405p0uir24i3qbrvsc1mg!nd_dft_wlteh_webp_3,http://sns-webpic-qc.xhscdn.com/202512041401/08202ea01523946105b42782af2d681c/notes_pre_post/1040g3k831gnpsdqu424g5p0uir24i3qbt80qh50!nd_dft_wlteh_webp_3,http://sns-webpic-qc.xhscdn.com/202512041401/aa2939f210c377c9b2ed3bb055daf197/notes_pre_post/1040g3k831gnpsdqu42505p0uir24i3qbo9tp5j8!nd_dft_wlteh_webp_3,http://sns-webpic-qc.xhscdn.com/202512041401/d7df4d2ba060f0829bbe4a4dbfbc18de/notes_pre_post/1040g3k831gnpsdqu425g5p0uir24i3qb0tlhps8!nd_dft_wlteh_webp_3,http://sns-webpic-qc.xhscdn.com/202512041401/23b5b6c5643fbc27000e39209a67d762/notes_pre_post/1040g3k831gnpsdqu42605p0uir24i3qbdsuj3no!nd_dft_wlteh_webp_3","美团京东大战,星巴克薅羊毛",1764828100746,https://www.xiaohongshu.com/explore/680c69be000000001c031271?xsec_token=ABI53UIR7PL7Cgw_tIzbUDb1P-cIBNVwRut9jVeh2XhEQ=&xsec_source=pc_search,,ABI53UIR7PL7Cgw_tIzbUDb1P-cIBNVwRut9jVeh2XhEQ=
6896ca75000000002302bbaa,normal,白月光归国后加入了外卖大战1,"前情提要：妹是高中时期喜欢此男，此男当时一心只想提高妹的成绩，当时就没答应妹宝的告白。
其实还有好多可以说的，我就先不剧透了❗️
#bg[话题]# #言情[话题]# #言情[话题]# #白月光[话题]# #求而不得[话题]# #外卖[话题]# #秋天第一杯奶茶[话题]# #反追[话题]#",,1754712693000,1754788931000,6599625700000000220171d1,明烛疏雨,https://sns-avatar-qc.xhscdn.com/avatar/1040g2jo31pgor76q2o0g5pcpc9boisehmddd6mo,2963,245,786,58,,"http://sns-webpic-qc.xhscdn.com/202512041401/c0c1314f2c1c98b40e26b39c14e75824/1040g2sg31kuu7iva32705pcpc9boisehr6dipc8!nd_dft_wlteh_webp_3,http://sns-webpic-qc.xhscdn.com/202512041401/a2c4b796c060e08243f410df6f1740eb/1040g2sg31kuu7iva327g5pcpc9boiseh3voqp50!nd_dft_wlteh_webp_3,http://sns-webpic-qc.xhscdn.com/202512041401/c1695c48f5f693de0e8284bf328e3bf7/1040g2sg31kuu7iva32905pcpc9boisehe7mo7a0!nd_dft_wlteh_webp_3,http://sns-webpic-qc.xhscdn.com/202512041401/e622e126ca5b833f0f4411ab73e6ad0a/1040g2sg31kuu7iva32805pcpc9boiseha0kkmq0!nd_dft_wlteh_webp_3,http://sns-webpic-qc.xhscdn.com/202512041401/17451b669056897df835881c386acb4a/1040g2sg31kuu7iva329g5pcpc9boisehta5g5ag!nd_dft_wlteh_webp_3,http://sns-webpic-qc.xhscdn.com/202512041401/19a6e046e015c6abafb2ed222324e90f/1040g2sg31kuu7iva328g5pcpc9boisehv4shf90!nd_dft_wlteh_webp_3,http://sns-webpic-qc.xhscdn.com/202512041401/41effbe7030cb16821b086505950e823/1040g2sg31kuu7iva32ag5pcpc9boisehvnseak0!nd_dft_wlteh_webp_3,http://sns-webpic-qc.xhscdn.com/202512041401/9276164b5f7f2dd826750ca4c1e4db37/1040g2sg31kuu7iva32a05pcpc9boisehpc218k0!nd_dft_wlteh_webp_3,http://sns-webpic-qc.xhscdn.com/202512041401/1a783f41031c385ba7ea623e745c6783/1040g2sg31kuu7iva32b05pcpc9boiseh8q95rdg!nd_dft_wlteh_webp_3,http://sns-webpic-qc.xhscdn.com/202512041401/9dafaa4e976149f3536ee194ad0877ef/1040g2sg31kuu7iva32bg5pcpc9boisehivcp9eg!nd_dft_wlteh_webp_3","bg,言情,白月光,求而不得,外卖,秋天第一杯奶茶,反追",1764828100753,https://www.xiaohongshu.com/explore/6896ca75000000002302bbaa?xsec_token=ABj-U40oAwF118kh4S6MY5SvkrgOIywddteoCh02eACxY=&xsec_source=pc_search,,ABj-U40oAwF118kh4S6MY5SvkrgOIywddteoCh02eACxY=
692a9a06000000001e00d24c,normal,外卖大战的代价,"克劳塞维茨在《战争论》里说：任何战斗都是双方物质力量和精神力量以流血和破坏的方式进行的较量。
	
外卖大战对双方的折磨充分体现在各家的三季报。美团经营利润跌掉 198 亿元，造成上市以来最大亏损。有淘宝造血的阿里，三季度经营利润从 352 亿元跌到 54 亿元，少了 85%。
	
亏损主要因为销售费用激增，主要是今年秋天的外卖补贴。美团三季度销售费用超过了成交额大它快一倍的拼多多。
	
算下来，2025 年二三季度，阿里、美团和京东半年一共烧了超过 1000 亿元。京东在三季度减少投入的情况下，经营利润从 120 亿元转为亏损 10.5 亿元。
	
效率是决定外卖补贴能否持续的根本。
	
二季度阿里说规模提升会让经济模型（UE）亏损缩小一半，本季度基本做到了，因为笔单价提升、非茶饮订单提升至 75%、单均履约成本下降 0.5 元。美团则强调质量，超七成订单价格在 30 元以上。
	
阿里对投资方说，淘宝闪购餐饮外卖 11 月 GMV 市场份额增至 40%——但分母是行业前两名，如果加上京东，它的份额会有所降低。
	
本周营收会上，阿里说下个季度在闪购的投入会显著收缩，而在 AI 基础设施上可能会进一步增投。
	
我们独家了解到，淘宝闪购接下来会在关键时段补贴餐饮外卖，以耗住美团，并计划在明年春天再次发起即时零售大战，重点补贴非餐货品，不会像今年夏天一样发起全面大战。
	
而美团 CEO 王兴说，外卖价格战是低质低价的“内卷式”竞争，坚决反对，也不可持续，但美团预计下季度经营亏损趋势仍会延续。据我们了解，美团认为冬季兼职骑手会变少，可以抢回一部分市场份额。
	
外卖大战也在考验餐饮品牌的效率。目前上市的茶饮咖啡品牌多在港股，只有美股上市的瑞幸、霸王茶姬发布三季报。瑞幸营收环比大幅增长，净利润几乎持平 —— 送了更多饮品，但付了 29 亿配送费，没有赚到更多钱。而霸王茶姬的成交额、营收、净利润都在下跌。
	
没有参战的抖音和拼多多暗度陈仓。抖音到店和电商都在加速逼近第一名，拼多多电商和社区团购继续增长，储备更多现金。#晚点latepost[话题]# #商业[话题]# #外卖[话题]# #美团[话题]# #淘宝[话题]# #阿里[话题]# #京东[话题]# #淘宝闪购[话题]# #奶茶[话题]#  #互联网大厂[话题]#",,1764399622000,1764399623000,640af6f5000000001001f56b,晚点编辑部,https://sns-avatar-qc.xhscdn.com/avatar/1040g2jo31eicm913h2005p0aurqk3tbbhfermio,3766,1193,777,2158,北京,"http://sns-webpic-qc.xhscdn.com/202512041401/4ba15e1a721ff1fa0c7740a8bb571955/spectrum/1040g34o31pf9ct6f2a105p0aurqk3tbbgtuu4b8!nd_dft_wlteh_webp_3,http://sns-webpic-qc.xhscdn.com/202512041401/d2ca19bcfc950a665b5551cb28917eb7/spectrum/1040g34o31pf9d02u2c105p0aurqk3tbb8itucl8!nd_dft_wlteh_webp_3,http://sns-webpic-qc.xhscdn.com/202512041401/010853654d9b9e69d5412ead9af61352/spectrum/1040g34o31pf9d1tm2c105p0aurqk3tbbnfn68d8!nd_dft_wlteh_webp_3,http://sns-webpic-qc.xhscdn.com/202512041401/322ac8bbf94ea62bc280beef7965977e/spectrum/1040g0k031pf9d3i93k005p0aurqk3tbbfttsjbo!nd_dft_wlteh_webp_3,http://sns-webpic-qc.xhscdn.com/202512041401/031c1502415c36faa7f33633c87cb429/spectrum/1040g0k031pf9d58v2a005p0aurqk3tbb580t6dg!nd_dft_wlteh_webp_3,http://sns-webpic-qc.xhscdn.com/202512041401/6b2706850bb196f277ecdbbe8e565ca4/spectrum/1040g34o31pf9d7iui4105p0aurqk3tbbf8568j8!nd_dft_wlteh_webp_3,http://sns-webpic-qc.xhscdn.com/202512041401/ca38a7d65f954dedc1409fc71fea1531/spectrum/1040g0k031pf9da9f26005p0aurqk3tbbu9pcnl8!nd_dft_wlteh_webp_3,http://sns-webpic-qc.xhscdn.com/202512041401/e4f6285961cc06c784ae44ea52ad48a8/spectrum/1040g34o31pf9df2hic105p0aurqk3tbb7rvtl0g!nd_dft_wlteh_webp_3","晚点latepost,商业,外卖,美团,淘宝,阿里,京东,淘宝闪购,奶茶,互联网大厂",1764828100756,https://www.xiaohongshu.com/explore/692a9a06000000001e00d24c?xsec_token=AB_uS4_aerrpMOBR1VU6Q7FFzO3ghhBah8gZk3n7oCOnc=&xsec_source=pc_search,,AB_uS4_aerrpMOBR1VU6Q7FFzO3ghhBah8gZk3n7oCOnc=
6873220200000000170366b3,normal,说不给就不给了,#外卖大战[话题]# #0元购[话题]# #外卖商战[话题]#,,1752375810000,1752375811000,5be90256a8b0ea0001a7d3cf,雯雯）,https://sns-avatar-qc.xhscdn.com/avatar/1040g2jo31c45q77oh0004bq4bu15dkufk0ugpio,5169,380,685,221,,http://sns-webpic-qc.xhscdn.com/202512041401/44991c248e3d02436643506aedd7e75c/notes_pre_post/1040g3k031js43jmsj4004bq4bu15dkuf7fhv7go!nd_dft_wlteh_webp_3,"外卖大战,0元购,外卖商战",1764828100761,https://www.xiaohongshu.com/explore/6873220200000000170366b3?xsec_token=ABPKPIDPhCuBP6xWatKQztuk0oXyIvx7FxMno8NSRio-8=&xsec_source=pc_search,,ABPKPIDPhCuBP6xWatKQztuk0oXyIvx7FxMno8NSRio-8=
6854cbc70000000015023851,normal,外卖大战的1元奶茶，年轻人喝不动了,"618结束，持续数月的外卖大战，以每人平均胖3斤的战果，也阶段性告一段落。因为很多人实在喝不下去了。
回顾平均每天一杯奶茶、一杯咖啡的日子，从结果上看，更多是一场高补贴刺激下的单品泡沫狂欢。就当大众以为行业老大会失血过多的时候，雷锋网近日报道称，美团外卖日均单量连日超过9000万单，较去年同期大涨30%，市场份额依然是70%左右。整个外卖市场扩容了，美团还在继续增长，而这个增量，并非来自奶咖的混合炸弹，而是刚需的一日三餐。
﻿#618[话题]#﻿ ﻿#外卖[话题]#﻿ ﻿#奶茶[话题]#﻿",,1750391282000,1750387655000,62397e2e0000000021029618,真故研究室,https://sns-avatar-qc.xhscdn.com/avatar/66323db6e1d428f374f424f0.jpg,1562,639,671,785,,"http://sns-webpic-qc.xhscdn.com/202512041401/f3ca7cbc87c5d3fbc95782a63021b609/spectrum/1040g0k031iug2eoe1i005ohpfon8d5gocmrt4h8!nd_dft_wlteh_webp_3,http://sns-webpic-qc.xhscdn.com/202512041401/7c28433eeacebc23d3bd526a8836f939/spectrum/1040g0k031iug2eoe1i0g5ohpfon8d5gohr99m3o!nd_dft_wlteh_webp_3,http://sns-webpic-qc.xhscdn.com/202512041401/f8f0901de3e972a769c8f497368743fe/spectrum/1040g0k031iug2eoe1i105ohpfon8d5goaeqpe4g!nd_dft_wlteh_webp_3,http://sns-webpic-qc.xhscdn.com/202512041401/2d7735e3f33debe1be74dd99fe0946c7/spectrum/1040g0k031iug2eoe1i1g5ohpfon8d5go0mp9atg!nd_dft_wlteh_webp_3,http://sns-webpic-qc.xhscdn.com/202512041401/c9008974ebb4ac30b9e8813277887fb2/spectrum/1040g0k031iug2eoe1i205ohpfon8d5gogudcdl0!nd_dft_wlteh_webp_3,http://sns-webpic-qc.xhscdn.com/202512041401/fcb36d22837deafe958a2fe29526e04a/spectrum/1040g0k031iug2eoe1i2g5ohpfon8d5go2cpc8v0!nd_dft_wlteh_webp_3,http://sns-webpic-qc.xhscdn.com/202512041401/a42a1c109fb9d22ba0f25567da9d160e/spectrum/1040g0k031iug2eoe1i305ohpfon8d5go0b8s9a8!nd_dft_wlteh_webp_3,http://sns-webpic-qc.xhscdn.com/202512041401/7e113c1d1fe08b06efd90145ffb7ce59/spectrum/1040g0k031iug2eoe1i3g5ohpfon8d5go8umls28!nd_dft_wlteh_webp_3,http://sns-webpic-qc.xhscdn.com/202512041401/5951ccc5c17b26f4d013794c9920adc9/spectrum/1040g0k031iug2eoe1i405ohpfon8d5go6hef460!nd_dft_wlteh_webp_3,http://sns-webpic-qc.xhscdn.com/202512041401/7b1b5f012e7949d8f1ceaa251b026906/spectrum/1040g0k031iug2eoe1i4g5ohpfon8d5go4c4if2g!nd_dft_wlteh_webp_3,http://sns-webpic-qc.xhscdn.com/202512041401/89fe38dae2c729ba90db6e1730499572/spectrum/1040g0k031iug2eoe1i505ohpfon8d5go25vlrfo!nd_dft_wlteh_webp_3,http://sns-webpic-qc.xhscdn.com/202512041401/0face285b66e99ad1b558ec9e152e044/spectrum/1040g0k031iug2eoe1i5g5ohpfon8d5gofmjna6o!nd_dft_wlteh_webp_3,http://sns-webpic-qc.xhscdn.com/202512041401/431a9debbbefd9675545415c4144f527/spectrum/1040g0k031iug2eoe1i605ohpfon8d5goa2mbh38!nd_dft_wlteh_webp_3","618,外卖,奶茶",1764828100764,https://www.xiaohongshu.com/explore/6854cbc70000000015023851?xsec_token=ABcP8h6b6YOPlQUguHpC5wko6Hk_15kfjUeADz5LIqyf8=&xsec_source=pc_search,,ABcP8h6b6YOPlQUguHpC5wko6Hk_15kfjUeADz5LIqyf8=
