﻿note_id,type,title,desc,video_url,time,last_update_time,user_id,nickname,avatar,liked_count,collected_count,comment_count,share_count,ip_location,image_list,tag_list,last_modify_ts,note_url,source_keyword,xsec_token
687235fc0000000012020cbf,video,这场外卖大战将载入中国互联网史册,﻿#财经知识[话题]#﻿ ﻿#社会[话题]#﻿ ﻿#财经视频创作人出道计划[话题]#﻿ ﻿#经济[话题]#﻿ ﻿#外卖[话题]#﻿ ﻿#外卖大战[话题]#﻿,http://sns-video-bd.xhscdn.com/spectrum/1040g35831jr77n0oj6105p8aqsjkgvq6h3v3uko,1752315388000,1752315388000,650ad7270000000012007f46,一鸣财经,https://sns-avatar-qc.xhscdn.com/avatar/1040g2jo313hojekhg0105p8aqsjkgvq6m7ibj38,5.1万,1.1万,3016,2.5万,,http://sns-webpic-qc.xhscdn.com/202512081017/679db4bbab1251019f57f96783e9a397/spectrum/1040g34o31jr78i1r48105p8aqsjkgvq6inhp6s0!nd_dft_wlteh_webp_3,"财经知识,社会,财经视频创作人出道计划,经济,外卖,外卖大战",1765160283758,https://www.xiaohongshu.com/explore/687235fc0000000012020cbf?xsec_token=AB93L9IzGIIdobktipGQlQd_VzIAevN8dDaAshEyHDiO4=&xsec_source=pc_search,,AB93L9IzGIIdobktipGQlQd_VzIAevN8dDaAshEyHDiO4=
681a11d00000000021009c4e,normal,外卖大战千万别停！,"看热闹的不嫌事大
就是此刻广大点外卖党内心真实OS[捂嘴笑R]
最近美团和京东的热度好像下来了点，现在是饿了么的solo time[大笑R]
这可真是有点“你方唱罢我登场”的意思了[嘻嘻R]
	
咱就是说饿了么也是挺能隐忍的，大家都以为他卸甲归田了，谁曾想原来是憋了好几个大招，五月频频发力各种动作[暗中观察R]
[喝奶茶R]一会请吃小龙虾，一会又是饿补超百亿的，今天在在杭州还出动机器人地推，甚至还有直升飞机拉横幅！
[亲一个R]饿宝组合真是太爱了，不仅自己有免单卡，还有请客卡给朋友用；1亿杯奶茶，这传播效果，只能说背后必有高人指点[喝奶茶R]
目前来看，饿了么是占领了这次外卖大战的高地，受益了你我等广大外卖党～[超喜欢R]
#饿了么[话题]# #饿了么杭州赛博炸街[话题]# #饿了么闪购超百亿补贴[话题]#  #饿了么请喝1亿杯奶茶[话题]# #淘宝闪购[话题]# #外卖大战[话题]# #外卖三国杀[话题]#",,1746540725000,1746538961000,5bc6e0c7dd618100014d4e7c,认真做运营的大卫,https://sns-avatar-qc.xhscdn.com/avatar/6135f66ae8e7273308acaedb.jpg,1万,845,232,487,,"http://sns-webpic-qc.xhscdn.com/202512081018/23b8091fc11ac4e2fe872da815209193/notes_pre_post/1040g3k831h54t9qiju5g4bgae8gcejjs6jjlrp8!nd_dft_wlteh_webp_3,http://sns-webpic-qc.xhscdn.com/202512081018/6a4850e026b19360d141eb73a120b7ed/notes_pre_post/1040g3k831h54t9qiju1g4bgae8gcejjs01oc398!nd_dft_wlteh_webp_3,http://sns-webpic-qc.xhscdn.com/202512081018/1a2acb9b77061360a3c175129eddde8c/notes_pre_post/1040g3k831h54t9qiju204bgae8gcejjsdj4aago!nd_dft_wlteh_webp_3,http://sns-webpic-qc.xhscdn.com/202512081018/b930fe5397caf46780bd10a8211a7c19/notes_pre_post/1040g3k831h54t9qiju3g4bgae8gcejjs0iisbhg!nd_dft_wlteh_webp_3,http://sns-webpic-qc.xhscdn.com/202512081018/06b61d905c0137e9bebcd06fa123022f/notes_pre_post/1040g3k831h54t9qiju2g4bgae8gcejjsob9lhhg!nd_dft_wlteh_webp_3,http://sns-webpic-qc.xhscdn.com/202512081018/b4d9b03a188afa89ff33d1f198f63ee3/notes_pre_post/1040g3k831h54t9qiju304bgae8gcejjsn3ddhbg!nd_dft_wlteh_webp_3","饿了么,饿了么杭州赛博炸街,饿了么闪购超百亿补贴,饿了么请喝1亿杯奶茶,淘宝闪购,外卖大战,外卖三国杀",1765160283769,https://www.xiaohongshu.com/explore/681a11d00000000021009c4e?xsec_token=ABxSW_1NZ24lu9RvtLOgI-HxTnltH0dBWzFtqeX8U68vE=&xsec_source=pc_search,,ABxSW_1NZ24lu9RvtLOgI-HxTnltH0dBWzFtqeX8U68vE=
692853bb000000001e016054,normal,江苏行政执法卷作文押题：外卖大战,"今年4月以来，外卖行业掀起了一场空前激烈的“补贴大战”。多家大型互联网平台企业利用资金优势，通过“百亿补贴”“大额优惠券”等促销手段争夺市场份额，行业竞争日益白热化。
	
记住外卖员在申论规范词中叫新业态劳动者，不光国考行政执法卷关注到，江苏行政执法卷也超级喜欢这种话题。
	
🔥题目：
构建新业态劳动者权益保障的执法新格局
	
🔥开篇：
随着平台经济的蓬勃发展，数以千万计的新就业形态劳动者已成为推动社会运转不可或缺的力量。然而，劳动关系模糊、社会保障缺位、算法主导下的权益侵蚀等问题，日益成为影响社会公平与稳定的隐忧。行政执法作为维护社会公正的最后防线，必须直面挑战、勇于革新，走出一条“以法治为基础，以协同为助力”的权益保障新路径，让新业态劳动者在法治的护航下安心奋斗、体面劳动。
	
🔥分论点1：
筑牢法治根基，破解权益保障的制度性难题。
踩分点：法定责任、执法实践、最高法指导性案例
	
🔥分论点2：
凝聚协同合力，构建多元共治的执法新体系。
主体分析法：
其一，政府监管需智慧赋能。
其二，平台企业须责任归位。
其三，行业自律要桥梁架设。
	
🔥分论点3：
拓展赋能维度，实现从保权益到促发展的执法升华。
维度分析法：
一方面，强化普法宣传与技能提升。
另一方面，推动公共服务精准衔接。
	
🔥结尾：
法治，是营商环境的最优注解，也是权益保障的最强盾牌。新业态劳动者权益保障的执法革新，是对时代之问的有力回应，更是执法为民初心的生动践行。唯有持续深化执法改革，在守正创新中不断完善，方能护航平台经济行稳致远，激励广大新业态劳动者在高质量发展的征程中挥洒汗水、成就梦想，共同编织一个更加公平、更有温度的数字未来。
	
#行政执法卷[话题]# #江苏行政执法[话题]# #申论行政执法类[话题]# #行政执法卷押题[话题]# #江苏省考申论[话题]#",,1764250555000,1764590195000,6636f2d10000000007005e9d,傲小天,https://sns-avatar-qc.xhscdn.com/avatar/1040g2jo31plqkh2b3u005phmub8honkts2gll80,8088,7914,41,1277,山东,"http://sns-webpic-qc.xhscdn.com/202512081018/17ad812902c6e8d7cfdfc9c29f7f04c6/1040g00831pd1tgmf2a305phmub8honkt4vpsdt0!nd_dft_wlteh_webp_3,http://sns-webpic-qc.xhscdn.com/202512081018/64eb701dae0ca26663e93c6cd9cd453b/1040g00831pd1tgmf2a2g5phmub8honktk8rofu8!nd_dft_wlteh_webp_3,http://sns-webpic-qc.xhscdn.com/202512081018/abe20af51d4458afc3f22dcd7a81a220/1040g00831pd1tgmf2a205phmub8honkt48def00!nd_dft_wlteh_webp_3,http://sns-webpic-qc.xhscdn.com/202512081018/92d3640b145436d2cb341b936fc9af9d/1040g00831pd1tgmf2a1g5phmub8honktghvcnjo!nd_dft_wlteh_webp_3,http://sns-webpic-qc.xhscdn.com/202512081018/298fd4b63ff4dbec0de17a320ba7e654/1040g00831pd1tgmf2a005phmub8honkt1h4g958!nd_dft_wlteh_webp_3,http://sns-webpic-qc.xhscdn.com/202512081018/35e3a0f7d64697ebe48c294584123004/1040g00831pd1tgmf2a0g5phmub8honkta47i5a8!nd_dft_wlteh_webp_3,http://sns-webpic-qc.xhscdn.com/202512081018/abde9fbd282783fbd603dff19e16d981/1040g00831pd1tgmf2a105phmub8honkt50d0h48!nd_dft_wlteh_webp_3","行政执法卷,江苏行政执法,申论行政执法类,行政执法卷押题,江苏省考申论",1765160283773,https://www.xiaohongshu.com/explore/692853bb000000001e016054?xsec_token=ABKEogoZZPfoM2ofIIbvKJHIMNik4MHVDUwb_jAeGcdQY=&xsec_source=pc_search,,ABKEogoZZPfoM2ofIIbvKJHIMNik4MHVDUwb_jAeGcdQY=
6885d60c0000000010012667,video,每代人都有各自的鸡蛋要抢#外卖大战[话题]# #有趣的事情[话题]# #日常生活的有趣一面[话题]#,每代人都有各自的鸡蛋要抢#外卖大战[话题]# #有趣的事情[话题]# #日常生活的有趣一面[话题]#,http://sns-video-bd.xhscdn.com/pre_post/1040g0cg31kecj9qpjq405pklrem0u4ufqmmmlp0,1753601548000,1753601548000,6695dbac00000000030313cf,渐笑了（收徒中）,https://sns-avatar-qc.xhscdn.com/avatar/1040g2jo315a1b3av143g5pklrem0u4uf8udt798,7821,2053,386,3647,,http://sns-webpic-qc.xhscdn.com/202512081018/47bc51be25ea32b78f3dabd367d0164a/1040g2sg31kecj9r12agg5pklrem0u4uf6ba32s0!nd_dft_wlteh_webp_3,"外卖大战,有趣的事情,日常生活的有趣一面",1765160283777,https://www.xiaohongshu.com/explore/6885d60c0000000010012667?xsec_token=ABja2OI4cWiY_go18kHBvMen3KMzMJSsm8vz2UqZLHqMI=&xsec_source=pc_search,,ABja2OI4cWiY_go18kHBvMen3KMzMJSsm8vz2UqZLHqMI=
691729da000000001b021a5f,video,外卖圈未免太drama,饿了么：听说你在外面到处说我死了？#淘宝闪购[话题]##饿了么[话题]##外卖大战[话题]#,http://sns-video-bd.xhscdn.com/pre_post/1040g2t031osa2sg3hgrg5ov0erbpt2pfthkcito,1763125722000,1763125723000,63e076d70000000027028b2f,娱乐小虾米,https://sns-avatar-qc.xhscdn.com/avatar/1040g2jo31dm26v6vgk6g5ov0erbpt2pfil7covg,3868,139,6,29,福建,http://sns-webpic-qc.xhscdn.com/202512081018/04df05697da84f1f56d01a7c996915a1/1040g00831osa2sadha5g5ov0erbpt2pflnqp9u0!nd_dft_wgth_webp_3,"淘宝闪购,饿了么,外卖大战",1765160283779,https://www.xiaohongshu.com/explore/691729da000000001b021a5f?xsec_token=ABC_LHi985LKSR1pIpV-r38Hutc5ItLJk9g2hWwblGJVU=&xsec_source=pc_search,,ABC_LHi985LKSR1pIpV-r38Hutc5ItLJk9g2hWwblGJVU=
68130d350000000021004d04,normal,三国争霸（外卖版）,"这段时间点外卖简直不要太爽[黄金薯R]，一开始只是美团和京东之间的角逐，谁曾想半路杀出个程咬金，外卖鼻祖饿了么申请出战，这下真有看头了！！[doge]
要说饿了么这次的下场时机拿捏的是真精准！背后必有高人指点！
[打卡R]首先，避开了外卖大战初期的情感叙事和社会议题的口水仗，目前用户的关注点重新回到了消费体验上（说白了还是得看谁对消费者好，谁的外卖更便宜呗[钱袋R]）
[打卡R]其次，目前外卖大战硝烟仍在，话题流量依然有很大的借势价值📈
[打卡R]其三，交战双方补贴力度已经开始衰退（残血状态），饿了么此时杀入战场顺势承接业务，直接收割流量（拿人头）[鼓掌R]
[打卡R]其四，外卖行业主要的行业订单高峰时段是在夏天，饿了么现在开启巨额补贴，可以打出一个更长时间段的连续高峰期
京东下场做外卖这一事件，降低了对市场关于即时零售的教育成本，有一定的意义[棒R]
这场战役的本质是""空间电商""对""时间电商""的逆袭。当传统电商的""多快好省""价值公式被拆解，即时零售正在用""空间折叠""重构人货场关系。
同时饿了么与淘宝携巨量资源杀入战场，除了能巩固餐饮外卖领域的地位之外，还能发力即时零售的新增长曲线。不管怎样，对于消费者来说，打破垄断，良性竞争是件好事，便宜外卖更是件妙事！[心心眼R]
#电商运营[话题]# #运营助理[话题]# #运营[话题]# #外卖[话题]# #外卖商战[话题]# #饿了么[话题]# #京东外卖[话题]# #外卖三国杀[话题]#",,1746084165000,1746082117000,5bc6e0c7dd618100014d4e7c,认真做运营的大卫,https://sns-avatar-qc.xhscdn.com/avatar/6135f66ae8e7273308acaedb.jpg,3633,462,379,1080,,"http://sns-webpic-qc.xhscdn.com/202512081018/ce0ec07637da59b9aec128a430604044/1040g00831gu9besk3o6g4bgae8gcejjs1c7jrfo!nd_dft_wlteh_webp_3,http://sns-webpic-qc.xhscdn.com/202512081018/7bb998cdbd16304d913406774f51b333/1040g00831gu9besk3o504bgae8gcejjs3l192no!nd_dft_wlteh_webp_3","电商运营,运营助理,运营,外卖,外卖商战,饿了么,京东外卖,外卖三国杀",1765160283781,https://www.xiaohongshu.com/explore/68130d350000000021004d04?xsec_token=ABVGknoYneQrRl-V2S_Jiq2aHZy7KBp2Ynd-2GC1XvS7g=&xsec_source=pc_search,,ABVGknoYneQrRl-V2S_Jiq2aHZy7KBp2Ynd-2GC1XvS7g=
68b30c1a000000001c006a59,normal,美团高p怎么看待阿里美团外卖大战2,"讨论非常激烈
但是也是一个观察情绪的窗口
我之前并不算了解外卖这个业务
感觉确实很复杂
朋友说这波大仗之后
最受伤的只会是商家
而且是那种不会算账的商家
	
#互联网[话题]# #港股[话题]# #美团[话题]# #阿里[话题]# #阿里巴巴[话题]# #投资[话题]# #认知[话题]# #炒股[话题]# #商业思维[话题]#",,1756564506000,1756568110000,5befd12d081854000199ea82,云上有海,https://sns-avatar-qc.xhscdn.com/avatar/1040g2jo31mq5ehik5m6g4brf6l8irqk2gic12mg,2107,1637,420,721,,"http://sns-webpic-qc.xhscdn.com/202512081018/ef807b83751a442f30623617e7bf9eb7/notes_pre_post/1040g3k031lqbh938l8604brf6l8irqk2cded3bg!nd_dft_wlteh_webp_3,http://sns-webpic-qc.xhscdn.com/202512081018/344ecbbe8a8356e0636ba8f983ae0764/notes_pre_post/1040g3k031lqbh938l8504brf6l8irqk200vg8qg!nd_dft_wlteh_webp_3,http://sns-webpic-qc.xhscdn.com/202512081018/1d280a321ddeff25aa5a4dd53b868e6f/notes_pre_post/1040g3k031lqbh938l8404brf6l8irqk21g9qp30!nd_dft_wlteh_webp_3,http://sns-webpic-qc.xhscdn.com/202512081018/f2d8a1d0fa5898f28c91aa9243944bed/notes_pre_post/1040g3k031lqbh938l8104brf6l8irqk2qudg52o!nd_dft_wlteh_webp_3,http://sns-webpic-qc.xhscdn.com/202512081018/41dd0804ab3ddb1350f08ad9da6a45f6/notes_pre_post/1040g3k031lqbh938l86g4brf6l8irqk2vkhc0go!nd_dft_wlteh_webp_3,http://sns-webpic-qc.xhscdn.com/202512081018/0d82c031c5261d1cbcbd1e907b9df543/notes_pre_post/1040g3k031lqbh938l84g4brf6l8irqk23sbnpj0!nd_dft_wlteh_webp_3,http://sns-webpic-qc.xhscdn.com/202512081018/b5da3011876eb712391f257773abf637/notes_pre_post/1040g3k031lqbh938l85g4brf6l8irqk21l1j99g!nd_dft_wlteh_webp_3","互联网,港股,美团,阿里,阿里巴巴,投资,认知,炒股,商业思维",1765160283787,https://www.xiaohongshu.com/explore/68b30c1a000000001c006a59?xsec_token=ABsHAiiBidOtjiL7EEaxRosSSqyMiIoJWQOT5NvVEViTc=&xsec_source=pc_search,,ABsHAiiBidOtjiL7EEaxRosSSqyMiIoJWQOT5NvVEViTc=
692aedd8000000001e002185,video,前有外卖大战现在又有奶茶届的双十一了！,古茗你真的把我养的很好#双十一[话题]##外卖大战[话题]##奶茶[话题]##薅羊毛[话题]##古茗[话题]# #古茗奶茶[话题]# #古茗推荐[话题]# #古茗买1送1[话题]# #古茗买一送一[话题]# #古茗鲜活好状态[话题]# #古茗云深幽兰[话题]# #古茗云岭茉莉[话题]# #古茗桃胶木薯炖奶[话题]# #古茗云酪黑荞普洱[话题]# #古茗生椰抹茶麻薯[话题]# #古茗杨枝甘露轻盈版[话题]# #古茗生椰拿铁[话题]# #古茗卡美罗焦糖拿铁[话题]#,http://sns-video-bd.xhscdn.com/1040g00g31pfjgosficjg5n5gdjr5nougssd6rb8,1764478708000,1764581094000,5cb06cf6000000001603e3d0,芒果捞智多星,https://sns-avatar-qc.xhscdn.com/avatar/1040g2jo31bf08m3pne105o5tojp85v4ach61rc8,1915,136,3,12,湖南,http://sns-webpic-qc.xhscdn.com/202512081018/a34961ce4bc3519d4bda05fb05a5ed09/1040g2sg31pfjgosi24jg5n5gdjr5nougq1f4nco!nd_dft_wlteh_webp_3,"双十一,外卖大战,奶茶,薅羊毛,古茗,古茗奶茶,古茗推荐,古茗买1送1,古茗买一送一,古茗鲜活好状态,古茗云深幽兰,古茗云岭茉莉,古茗桃胶木薯炖奶,古茗云酪黑荞普洱,古茗生椰抹茶麻薯,古茗杨枝甘露轻盈版,古茗生椰拿铁,古茗卡美罗焦糖拿铁",1765160283790,https://www.xiaohongshu.com/explore/692aedd8000000001e002185?xsec_token=AB0XtmEU0SqUgIZHuYdPofiyuFcLsWtWG6jQvt_63wFSI=&xsec_source=pc_search,,AB0XtmEU0SqUgIZHuYdPofiyuFcLsWtWG6jQvt_63wFSI=
691c5549000000000d03d33e,video,11月18日（发布），河北。河北一大爷骑车速度太慢，外卖小哥按喇叭催促后，两人发生争执。大爷打人后想跑，被外卖员拦住，没想到大爷直接骑车碾压过去。（编辑：昊昊）,11月18日（发布），河北。河北一大爷骑车速度太慢，外卖小哥按喇叭催促后，两人发生争执。大爷打人后想跑，被外卖员拦住，没想到大爷直接骑车碾压过去。（编辑：昊昊）,http://sns-video-bd.xhscdn.com/pre_post/1040g2t031p1bks5g2odg5q4k38la6skt9s0st2g,1763464521000,1763464522000,68941a2a000000002803729d,中安在线,https://sns-avatar-qc.xhscdn.com/avatar/5b779c17-d57e-3349-98e8-5bcf1a5947b3,1911,142,191,509,安徽,http://sns-webpic-qc.xhscdn.com/202512081018/9faf69ea4b3bfe3ad8b84092031e1658/1040g00831p1bks1bis6g5q4k38la6sktoe9du8o!nd_dft_wlteh_webp_3,,1765160283793,https://www.xiaohongshu.com/explore/691c5549000000000d03d33e?xsec_token=ABywR_k3wriRn81Unekqj6dnkSwRqkwyoqu_IkqOWvZRw=&xsec_source=pc_search,,ABywR_k3wriRn81Unekqj6dnkSwRqkwyoqu_IkqOWvZRw=
686a1b190000000011003600,video,外卖大战，00后能吃上的最大红利﻿#离谱[话题]#﻿ ﻿#00后[话题]#﻿ ﻿#外卖大战[话题]#﻿ ﻿#外卖[话题]#﻿ ﻿#大型纪录片[话题]#﻿,外卖大战，00后能吃上的最大红利﻿#离谱[话题]#﻿ ﻿#00后[话题]#﻿ ﻿#外卖大战[话题]#﻿ ﻿#外卖[话题]#﻿ ﻿#大型纪录片[话题]#﻿,http://sns-video-bd.xhscdn.com/spectrum/1040g0jg31jja0ptj2g005o67d23g83vih93f6c0,1751784217000,1751784218000,60c768870000000001000ff2,狗蛋,https://sns-avatar-qc.xhscdn.com/avatar/1040g2jo31l63se0k2o6g5o67d23g83viajiiqh8,1444,527,45,493,,http://sns-webpic-qc.xhscdn.com/202512081018/51162e186f9a0a437b2e32846f2f02e4/spectrum/1040g0k031jja1gdrj6005o67d23g83vi8mrobno!nd_dft_wgth_webp_3,"离谱,00后,外卖大战,外卖,大型纪录片",1765160283795,https://www.xiaohongshu.com/explore/686a1b190000000011003600?xsec_token=AB6Fj7I3Sm6s5DJneoLcPPaDdPCsTtc5bgy6y7bERFN_w=&xsec_source=pc_search,,AB6Fj7I3Sm6s5DJneoLcPPaDdPCsTtc5bgy6y7bERFN_w=
68b1aacf000000001c013b9e,normal,阿里利润涨76%，美团利润跌89%，这仗咋打？,"今天，万众期待的阿里的财报发了。我把这两份财报放在一起看，只能说，没有对比，就没有伤害 。
	
我们来看看数据：
[一R]阿里这边：集团整体收入稳健增长10%，净利润更是同比增长了76%。
[二R]美团那边：调整后净利润同比暴跌了89%。
这场外卖大战打到现在，谁是赢家，谁是输家，可以说是一目了然了。
	
美团自己在财报里说，受到了“非理性竞争”的影响。但对阿里来说，这笔买卖，实在是太值了。相当于只花了两三百亿的营销预算（我们之前聊过，这笔钱本来也要花），就成功撬动了一个和美团规模相当的即时零售市场。
	
而且，从订单量上看，阿里也取得了历史性的突破。根据晚点的报道，8月8号和9号那两天，淘宝闪购的订单份额，历史上第一次，反超了美团！
	
我觉得，这背后是阿里一个更宏大的图谋。它想要的，根本不只是一餐一饭的外卖生意，而是未来那个30万亿的大消费市场。
	
当用户慢慢习惯了在淘宝上不仅能买衣服，还能买充电线、办公用品等即时需求，并且一小时内就能送到的时候，淘宝就真正从一个电商App，进化成了一个生活App。这种用户心智的占领，才是最可怕的。
	
关于这一点，最近经常用淘宝闪购点外卖的人应该深有体会，可以仔细回想一下，是不是打开淘宝的频率高了很多？本来在其它平台上买的东西顺手就在淘宝上买了，我相信这种用户很多。
	
而且之前高盛的研报也预测，美团的长期市场份额，可能会在这轮大战中，被永久性地打下来。未来的格局，很可能变成美团:阿里:京东 = 4.5:4.5:1的双寡头局面。
	
我个人感觉，随着阿里这份超预期财报的发布，即时零售市场这次可能真的要变天了 。
#大厂[话题]# #科技[话题]# #商业[话题]# #互联网[话题]# #互联网大厂[话题]# #商业分析[话题]# #电商运营[话题]# #人工智能[话题]# #淘宝[话题]#",,1756474063000,1756474064000,5e66c3ef0000000001000241,知行随想 | ZhiX Insight,https://sns-avatar-qc.xhscdn.com/avatar/1040g2jo319ndtmavne6g5nj6ofng80i1lirua98,1125,391,360,421,,http://sns-webpic-qc.xhscdn.com/202512081018/4635761e09033acb38f35256e37a4fb6/1040g2sg31lp67srn5ie05nj6ofng80i1nj5cgu8!nd_dft_wlteh_webp_3,"大厂,科技,商业,互联网,互联网大厂,商业分析,电商运营,人工智能,淘宝",1765160283798,https://www.xiaohongshu.com/explore/68b1aacf000000001c013b9e?xsec_token=ABGPop0dxqDO2z8nN_Hlb2gDZXQujOWjUNipzPf5dlWts=&xsec_source=pc_search,,ABGPop0dxqDO2z8nN_Hlb2gDZXQujOWjUNipzPf5dlWts=
689d39aa000000001d024e81,normal,外卖大战幕后众生：店员在后厨崩溃大哭,"看完晚点这篇关于这篇外卖大战的幕后深度报道 ，感觉更多是心累，作者不再只聚焦于平台宏大的补贴和成交数据，还有背后品牌和商家的焦虑及一线打工人的辛苦状态。有那么一点老舍茶馆的历史视角的呈现味道，感谢晚点的采写，也致敬劳动者，同时有感于外卖行业的极度内卷化，这种打法不知道到了拉美，当地土著可还受得了？
	
摘录几点报道主要看点：
[一R]与闪购饿了么庆祝日订单破亿的兴奋状态不同，美团在立秋这天破1.3亿单后已非常平静，没有高管发朋友圈，就像办了十几年的电商节一样平常。
[二R]淘宝闪购光在奶茶一天的补贴就高达四个亿，补贴不计成本。而美团已默认接受订单量可被阿里超过。
[三R]外卖大战的火爆导致有京东平台上的茶饮品牌加盟商原料匮乏，不得不冒着被公司处罚的危险，从拼多多上买杯托和吸管。
[四R]没有品牌愿意继续玩下去，活动前的外卖订单利润就已经只有自取订单的1/2或1/3，甚至他们更担心破价影响用户心智，大家喝多了0元购，不再习惯于十几块的奶茶。
[五R]人类永远比原料更耐耗。有店员在后厨剥葡萄皮剥到崩溃大哭，有店员回家睡觉做梦还在打包，被家属摇醒。
有时活动已上线了，打单机吐了三百单，但品牌还不知情。
[六R]商家原料断货，导致加盟商像抢演唱会门票一样刷手机抢椰乳，甚至沪上阿姨店员端着锅去瑞幸店里借冰块。店员像机械臂一样高效运转，报酬就是能领一个20块加班红包🧧。#补贴大战[话题]# #外卖大战[话题]# #淘宝闪购[话题]# #美团[话题]# #饿了么[话题]# #京东[话题]# #财经[话题]# #热点[话题]# #热点薯[话题]# #打工人[话题]#",,1755134379000,1755191882000,6655a469000000000b032401,大厂观察,https://sns-avatar-qc.xhscdn.com/avatar/1040g2jo31i2gr3c070605pilkhkiu901gmui0t0,1121,358,144,139,,"http://sns-webpic-qc.xhscdn.com/202512081018/7badc46143478d318542c2c937860ae8/1040g00831l56lt8f2u6g5pilkhkiu901o0m3tr0!nd_dft_wlteh_webp_3,http://sns-webpic-qc.xhscdn.com/202512081018/ebd3f67069f7b30e1b918ce62dcd8f87/1040g00831l56lt8f2u605pilkhkiu901kjmcesg!nd_dft_wlteh_webp_3,http://sns-webpic-qc.xhscdn.com/202512081018/16dcfecb573943522b728e7b8b2c0ed0/1040g00831l56lt8f2u205pilkhkiu901s5e1nvg!nd_dft_wlteh_webp_3,http://sns-webpic-qc.xhscdn.com/202512081018/af94b02d32d5222bb84a7b28df82573e/1040g00831l56lt8f2u2g5pilkhkiu901udsc8ag!nd_dft_wlteh_webp_3,http://sns-webpic-qc.xhscdn.com/202512081018/dd92619cfbb6e0ce35324729e0a87874/1040g00831l56lt8f2u105pilkhkiu9014cg170g!nd_dft_wlteh_webp_3,http://sns-webpic-qc.xhscdn.com/202512081018/908d9eda697cc73d09b4244d94ca68d3/1040g00831l56lt8f2u405pilkhkiu901lg6rjr8!nd_dft_wlteh_webp_3,http://sns-webpic-qc.xhscdn.com/202512081018/4e2fd695bc79978d102625eca8f60107/1040g00831l56lt8f2u4g5pilkhkiu901su47vio!nd_dft_wlteh_webp_3,http://sns-webpic-qc.xhscdn.com/202512081018/f84f0e7d04c1a527ad634db2c4ca8451/1040g00831l56lt8f2u5g5pilkhkiu901tqi4rh0!nd_dft_wlteh_webp_3","补贴大战,外卖大战,淘宝闪购,美团,饿了么,京东,财经,热点,热点薯,打工人",1765160283802,https://www.xiaohongshu.com/explore/689d39aa000000001d024e81?xsec_token=ABE9V5hTMD9kBlKKFjSjTAm1c3jwNAi7nFM3DL1cbZbV8=&xsec_source=pc_search,,ABE9V5hTMD9kBlKKFjSjTAm1c3jwNAi7nFM3DL1cbZbV8=
6918287a000000000d00dde1,normal,黄蓝CP终章？这波告别整活我先笑疯！,"谁懂啊！刷到美团外卖这波操作直接笑到拍腿，黄蓝CP的售后竟然是以这种方式来袭😂
黄蓝两个小不点互相挥挥手，竟然有点莫名好磕又好哭？建议美团外卖直接把黄蓝CP锁死，这售后比正主还用心❤️
本来以为只是网友脑补的二创，结果是美团外卖真的在搞事！说是致敬蓝朋友，狂送10000000朵“花”，听说现在每个人都可以领花，还有人领到100只呢！搜了下才知道这“花”有多离谱——玫瑰鲜花饼算花、五花肉串算花，甚至开花肠都能凑数，这波玩梗是真的没上限了🤭
不得不说美团外卖是懂整活的，看来这波黄蓝合体的热度是压不住了～
	
#美团外卖[话题]# #外卖大战[话题]# #饿了么[话题]# #互联网大厂八卦[话题]#",,1763193824000,1763190907000,5f2229340000000001000b1e,桃个大宝藏,https://sns-avatar-qc.xhscdn.com/avatar/1040g2jo31hs0euvojs5g5np254q082ou4aq4t2g,1091,178,53,24,浙江,"http://sns-webpic-qc.xhscdn.com/202512081018/582a523311b1e45061bbe256045bfd41/notes_pre_post/1040g3k831ot95uc8ho005np254q082oulblmhe8!nd_dft_wlteh_webp_3,http://sns-webpic-qc.xhscdn.com/202512081018/a441447ac2a9b6b3281df790566528de/notes_pre_post/1040g3k831ot95ue81g005np254q082outckamr8!nd_dft_wlteh_webp_3,http://sns-webpic-qc.xhscdn.com/202512081018/48b57b451478cfd8e37b8545ef3ecc16/notes_pre_post/1040g3k031ot95uglhk005np254q082ouuj27bfo!nd_dft_wlteh_webp_3","美团外卖,外卖大战,饿了么,互联网大厂八卦",1765160283806,https://www.xiaohongshu.com/explore/6918287a000000000d00dde1?xsec_token=ABhIXuZXu6gG7Jv7a3fvCUs2l2JWC1ACE9s09fIAt7tv8=&xsec_source=pc_search,,ABhIXuZXu6gG7Jv7a3fvCUs2l2JWC1ACE9s09fIAt7tv8=
688c60c7000000002302f620,normal,阿里下场三个月，即时零售变天了,"阿里打硬仗的能力实在是强！从电商到外卖，阿里正式下场才不到三个月的时间，现在行业格局已经发生了大逆转。
	
刚刚看到《晚点》的报道《隐形的便利店，美团淘宝的即时零售暗战》，调查了闪购领域的多个头部商家，从最前线的视角来解读这场即时零售大战：商家有没有增收？欢不欢迎市场的创新入局者，对行业格局变化怎么看？有很多商家真实的声音。
	
晚点透露，淘宝闪购非餐订单约1500万单，美团2000万单，这说明淘宝与美团在闪购业务上已经相差不大了。而且，晚点还对闪购头部商家做了采访，信息量挺大的。比如，网易严选在华南的前置仓，在淘宝闪购正式加入大战之前，饿了么日单量几十单，主要依赖美团，而今天，在淘宝闪购上万单店就有十几家了，增长非常快。位于广州的前置仓还直接亮出了最近一个月数据，淘宝闪购1.3万单，美团1.2万单，京东0.3万单，淘宝闪购的订单量已经反超了美团。而作为“中国闪电仓十大品牌之一”的小柴购，今年6月加入淘宝闪购后，短时间内淘宝闪购的业务量已经占品牌全渠道的30%，7月12日这天，小柴购所有门店在淘宝闪购的日单量都超过了10万单。不得不说，淘宝闪购的增长势头实在强劲。
	
这些商家反馈来的信息可以总结下：美团一家独大的行业格局被打破，淘宝闪购在很多领域正在并肩甚至反超。晚点评价说，美团一手打造的闪电仓，在帮整个行业培育市场。“领跑者耗时多年铺设的道路，成为后来者快速追赶的坦途，这是所有第一名的宿命。”#互联网大厂[话题]# #阿里[话题]# #淘宝闪购[话题]# #美团[话题]# #外卖大战[话题]#",,1754030279000,1754030279000,53cd3bbbb4c4d64f93463018,大厂陈同学,https://sns-avatar-qc.xhscdn.com/avatar/1040g2jo31con54gmgm5g40044itrmc0o3uhd0gg,1052,408,532,196,,"http://sns-webpic-qc.xhscdn.com/202512081018/18624ff76f16934b10f99c9de81c1083/1040g00831kknlh4lj44040044itrmc0olccf7fg!nd_dft_wlteh_webp_3,http://sns-webpic-qc.xhscdn.com/202512081018/397c19dfc92a0e2f571d4ade5fb85b65/1040g00831kknlh4lj46g40044itrmc0ojb3t05g!nd_dft_wlteh_webp_3,http://sns-webpic-qc.xhscdn.com/202512081018/e4a92b66de4c9133855b7826fafcd44c/1040g00831kknlh4lj41040044itrmc0ogl3mo1g!nd_dft_wgth_webp_3,http://sns-webpic-qc.xhscdn.com/202512081018/a519fddd29bab6253b64be534d84cecc/1040g00831kknlh4lj45g40044itrmc0oi837d5g!nd_dft_wgth_webp_3,http://sns-webpic-qc.xhscdn.com/202512081018/6c7a62a09e1ae9389bde650bef75cfea/1040g00831kknlh4lj44g40044itrmc0o7fi7e90!nd_dft_wgth_webp_3","互联网大厂,阿里,淘宝闪购,美团,外卖大战",1765160283808,https://www.xiaohongshu.com/explore/688c60c7000000002302f620?xsec_token=ABi6U-SzAWPYNa_TzkHemeiILH7bW1HQvz1BQtFkFHF18=&xsec_source=pc_search,,ABi6U-SzAWPYNa_TzkHemeiILH7bW1HQvz1BQtFkFHF18=
692cf2ad000000001e0242b3,video,外卖大战6个月烧掉近800亿,#外卖大战[话题]#  #美团[话题]#  #饿了么[话题]#  #京东[话题]# #外卖[话题]# #搞笑[话题]# #年轻人开始反向消费了[话题]# #热点[话题]#,http://sns-video-bd.xhscdn.com/spectrum/1040g2f031phipg7tjm005q061nc3jpk9o6gfks8,1764553389000,1764553390000,68060dd8000000000e01e689,小花涨知识,https://sns-avatar-qc.xhscdn.com/avatar/1040g2jo31jogrvt12g6g5q061nc3jpk9furspko,977,41,41,113,北京,http://sns-webpic-qc.xhscdn.com/202512081018/df826845f0b88eb57843b12083dc9019/spectrum/1040g0k031phira8bjk005q061nc3jpk942bfbg0!nd_dft_wlteh_webp_3,"外卖大战,美团,饿了么,京东,外卖,搞笑,年轻人开始反向消费了,热点",1765160283811,https://www.xiaohongshu.com/explore/692cf2ad000000001e0242b3?xsec_token=ABBKeeG8GVKDmd61xn6HPyDQNQtwaxcGsNGFZ7XpRfqMc=&xsec_source=pc_search,,ABBKeeG8GVKDmd61xn6HPyDQNQtwaxcGsNGFZ7XpRfqMc=
68f606c9000000000701711b,normal,外卖价格战熄火？美团启动20亿+商家补贴,"10月16日，在第八届餐饮产业大会上，一组行业数据让人震惊：今年新增的外卖订单中，有七成来自15元以下的低价区间。不得不说，今年的餐饮行业太卷了！一个行业依靠平台补贴来低价竞争，显然不是长远之计。我们观察到，近期各大平台的补贴已经在熄火降温。下一轮的“外卖大战”重点方向在哪里？美团在接下来的举措给出了他们的答案：
	
一、追加20亿元助力金，外卖、堂食商家均可获得现金支持
	
去年，美团面向餐饮外卖商家投入10亿助力金，有36万商家收到了现金或补贴。今年以来，受行业低价竞争影响，餐饮商家遭受了普遍冲击。为给商家提供更精准的帮扶，8月，美团推出了中小商户发展扶持计划，美团将追加20亿元助力金，覆盖范围从此前的外卖商家，延伸至堂食商家，让各类餐饮好店，都能获得现金支持，实现长效经营。
	
二、3亿元支持店型模式创新，5亿推动“明厨亮灶”新基建
	
“对餐饮行业来说，现在最重要的，不是‘再烧一轮’，而是回到经营的本质——让利润回归，让效率回归。”基于这一理念，美团正持续深入供应链改造，推出帮助门店增收增利的创新的卫星店模式。已有超900个餐饮品牌与美团合作探索卫星店，门店数量超过8000家，店均成本投入降低60%，平均回本周期6-8个月。
	
为进一步推动行业创新发展，美团将投入3亿元专项资金，支持商家实践卫星店、外卖自提、拼好饭等增收新模式。在此基础上，追加5亿元“明厨亮灶”补贴，与商家共同打造透明后厨新基建，让食品安全成为餐饮新招牌。
	
三、发布餐饮商家AI决策工具“袋鼠参谋”，全场景AI经营工具向商家开放
	
在本次大会上，美团全新推出餐饮商家AI决策工具——袋鼠参谋。该产品搭载美团自研大模型“Longcat”，覆盖赛道分析、开店选址、菜品研发、财务分析等日常经营全流程。目前，“袋鼠参谋”“智能掌柜”等全平台AI工具已向行业商家免费开放，帮助商家提效降本，共享AI红利。
	
当其他平台还在拼补贴、拼低价的时候，美团已经开始拼“让商家能活下去”。反内卷、发助力金、推明厨亮灶、帮商家改卫星店，这些看似“慢动作”，但其实是在稳长线。
	
大额补贴餐饮商家、帮助商家创收增收，长远看对于提高合作商家的餐饮出品质量、提升合作商家食品安全水平大有裨益，商家、客户、平台共赢才是行业行稳致远的发展之道。真金白银投入助力商家发展的美团，值得期待！
#美团[话题]##美团外卖[话题]##餐饮人加油[话题]# #美团助力金[话题]# #明厨亮灶[话题]# #餐饮经营[话题]#",,1760954989000,1760954057000,5b3da8546b58b76fbc700c7f,insummerwefly,https://sns-avatar-qc.xhscdn.com/avatar/6441190851489ccc11a7398e.jpg,928,94,283,170,,"http://sns-webpic-qc.xhscdn.com/202512081018/fd2a0ee42220cc4120948b97ad9adcaf/notes_pre_post/1040g3k831nrugu3pkq004a6rv3k5833vojdrrhg!nd_dft_wlteh_webp_3,http://sns-webpic-qc.xhscdn.com/202512081018/7914f5b422156fa1c0f218f4bec6823e/notes_pre_post/1040g3k031nrugu8050004a6rv3k5833vgulln8g!nd_dft_wlteh_webp_3,http://sns-webpic-qc.xhscdn.com/202512081018/ed7ab750064dd89930d827d1c94a0779/notes_pre_post/1040g3k031nrugv3f4u004a6rv3k5833vti0eld8!nd_dft_wlteh_webp_3,http://sns-webpic-qc.xhscdn.com/202512081018/cdd9b02cacd40f340de23c8a2c01d795/notes_pre_post/1040g3k031nruguue4s004a6rv3k5833vbigpi5o!nd_dft_wlteh_webp_3,http://sns-webpic-qc.xhscdn.com/202512081018/e6c706e3be793bd092e74f473f3e95c5/notes_pre_post/1040g3k031nrugupe52004a6rv3k5833vek4c608!nd_dft_wlteh_webp_3,http://sns-webpic-qc.xhscdn.com/202512081018/3c51028e889e73a78f730d8deccfde23/notes_pre_post/1040g3k031nrugukh52004a6rv3k5833v3jraj38!nd_dft_wlteh_webp_3,http://sns-webpic-qc.xhscdn.com/202512081018/698c63973d4e61f0cea30fa7f081bd46/notes_pre_post/1040g3k031nrugug7ks004a6rv3k5833v5j6d3i8!nd_dft_wlteh_webp_3,http://sns-webpic-qc.xhscdn.com/202512081018/ae68d7cedd76d737d522b3f110ca994a/notes_pre_post/1040g3k831nrugudel0004a6rv3k5833vv081reg!nd_dft_wlteh_webp_3","美团,美团外卖,餐饮人加油,美团助力金,明厨亮灶,餐饮经营",1765160283814,https://www.xiaohongshu.com/explore/68f606c9000000000701711b?xsec_token=ABDA523Pq09mN9fCh5rk7hMQCl4EwzWUuGCXs-NMPCUNU=&xsec_source=pc_search,,ABDA523Pq09mN9fCh5rk7hMQCl4EwzWUuGCXs-NMPCUNU=
6929b268000000001e02110d,normal,所以外卖大战便宜了谁,"反正美团2025年第三季度（覆盖和淘宝闪购打得最凶的暑假）财报的数据是真不太好看。「晚点 LatePost」做的图非常直观，把参战这几家公司和暗度陈仓的竞争对手都摆在了一起，盘盘看就知道，谁最肉疼。
	
美团业绩发布会上，作为CEO的王兴有一段话很值得琢磨：
	
我们认为外卖价格战是劣币催逐良币的典型例子，低价、低质是不可持续发展的，这本质上是一场恶性竞争。我们坚决反对这种做法。
	
过去六个月，大家看到的一些事实和动态也证明了这一点，低价低质、劣币驱动良币并未为行业创造任何实际价值，也并未提供好的路径。
	
作为对比，在外卖大战刚开始的时候还有这么一句：我们要不惜一切代价赢得这场战争。现在代价来了，上市以来最大亏损。确实耗不起，也没有谁耗得起。
	
#互联网大厂[话题]# #互联网[话题]# #美团[话题]# #大厂[话题]# #职场[话题]# #阿里巴巴[话题]# #淘宝闪购[话题]#  #抖音[话题]# #美团外卖[话题]# #京东[话题]# #电商[话题]#",,1764340329000,1764387675000,67152e4a000000001d0220c9,大厂切面Section,https://sns-avatar-qc.xhscdn.com/avatar/1040g2jo31ikgac0j0c3g5pol5p57c869js8e65o,833,321,426,666,北京,"http://sns-webpic-qc.xhscdn.com/202512081018/5bb0a616bf04f7e1116145f0840e33ed/1040g2sg31pev4n2e2o605pol5p57c8691tjo020!nd_dft_wlteh_webp_3,http://sns-webpic-qc.xhscdn.com/202512081018/3efeb7aefafb90a9bf976686572084ff/1040g2sg31pev4n2e2o1g5pol5p57c8698h5jlrg!nd_dft_wlteh_webp_3,http://sns-webpic-qc.xhscdn.com/202512081018/368b0ea1a9ba08ecf87686f242fb1c72/1040g2sg31pev4n2e2o505pol5p57c869ls0d4d0!nd_dft_wlteh_webp_3,http://sns-webpic-qc.xhscdn.com/202512081018/123aa812a29d28df791e345c01c79203/notes_pre_post/1040g3k831ped79nh2o005pol5p57c869vsh3oq0!nd_dft_wlteh_webp_3,http://sns-webpic-qc.xhscdn.com/202512081018/bfea790e684503f64d635e1eced40713/notes_pre_post/1040g3k831ped7a5v3c005pol5p57c86953c88dg!nd_dft_wlteh_webp_3","互联网大厂,互联网,美团,大厂,职场,阿里巴巴,淘宝闪购,抖音,美团外卖,京东,电商",1765160283818,https://www.xiaohongshu.com/explore/6929b268000000001e02110d?xsec_token=ABRv6DixBc-mhpoIOyMpbHEkrz47gniiKn86-SR1_oVAo=&xsec_source=pc_search,,ABRv6DixBc-mhpoIOyMpbHEkrz47gniiKn86-SR1_oVAo=
68d237a7000000001201cd29,normal,点多了便宜外卖后，已经接受不了线下的物价了[石化R][石化R][石化R][石化R][石化R]#外卖大战[话题]# #物价[话题]#,点多了便宜外卖后，已经接受不了线下的物价了[石化R][石化R][石化R][石化R][石化R]#外卖大战[话题]# #物价[话题]#,,1758607271000,1758607272000,64982a40000000001c029c5f,什么？,https://sns-avatar-qc.xhscdn.com/avatar/1040g2jo31lm0b9aq4q005p4o5907572vtuk3lgo,799,49,152,23,,http://sns-webpic-qc.xhscdn.com/202512081018/18b794290c815dc6b3a300303a102776/1040g2sg31movh6ivkse05p4o5907572vvrt6fk8!nd_dft_wlteh_webp_3,"外卖大战,物价",1765160283821,https://www.xiaohongshu.com/explore/68d237a7000000001201cd29?xsec_token=ABOY-OsFgmusBij51fBrEqPb_C6fx2eMTPjsIAGrl31mc=&xsec_source=pc_search,,ABOY-OsFgmusBij51fBrEqPb_C6fx2eMTPjsIAGrl31mc=
68dc857b00000000040060d0,normal,300亿，烧了个寂寞,外卖大战需要回归理性 #经济[话题]# #投资[话题]# #财经[话题]# #财经知识[话题]#,,1759282555000,1759282556000,5c0d3eaa6b58b71b598e6a56,禾木先生,https://sns-avatar-qc.xhscdn.com/avatar/1040g2jo31n1u7ilq5i004buuq8vakqim4tlq0gg,570,203,614,55,,"http://sns-webpic-qc.xhscdn.com/202512081018/aa11c1d251291dd7c7b4695f43a1a5b0/spectrum/1040g34o31n31fp9350904buuq8vakqimqv28rg8!nd_dft_wlteh_webp_3,http://sns-webpic-qc.xhscdn.com/202512081018/9ed34c73da306f957766f8b04cf07ec3/spectrum/1040g34o31n31fp93509g4buuq8vakqim4imhsc8!nd_dft_wlteh_webp_3,http://sns-webpic-qc.xhscdn.com/202512081018/cc5d8d665eb7bee829013939075e67ee/spectrum/1040g34o31n31fp9350a04buuq8vakqimkkmjb70!nd_dft_wlteh_webp_3,http://sns-webpic-qc.xhscdn.com/202512081018/396bd3bc8d1117232c843dae479d931c/spectrum/1040g34o31n31fp9350ag4buuq8vakqim20ks26o!nd_dft_wlteh_webp_3,http://sns-webpic-qc.xhscdn.com/202512081018/995f76ab385983b5117b5409bda1e9f3/spectrum/1040g34o31n31fp9350b04buuq8vakqime4bf950!nd_dft_wlteh_webp_3,http://sns-webpic-qc.xhscdn.com/202512081018/f3418fae837dfa9938924cb0b758179f/spectrum/1040g34o31n31fp9350bg4buuq8vakqim1es8tig!nd_dft_wlteh_webp_3,http://sns-webpic-qc.xhscdn.com/202512081018/2e4a9eaadfd89ed29d2d5fa81d1ffbeb/spectrum/1040g34o31n31fp9350c04buuq8vakqimd6ota30!nd_dft_wlteh_webp_3,http://sns-webpic-qc.xhscdn.com/202512081018/0080e8873678033f0ca3a4d0b308399f/spectrum/1040g34o31n31fp9350cg4buuq8vakqim4brkg10!nd_dft_wlteh_webp_3,http://sns-webpic-qc.xhscdn.com/202512081018/cbec8c88a3ee5cfdb64c6c6ddaa3a563/spectrum/1040g34o31n31fp9350d04buuq8vakqimmfuuqu8!nd_dft_wlteh_webp_3,http://sns-webpic-qc.xhscdn.com/202512081018/95b307888183896f2a5a6c9ca369a726/spectrum/1040g34o31n31fp9350dg4buuq8vakqimq95340g!nd_dft_wlteh_webp_3,http://sns-webpic-qc.xhscdn.com/202512081018/f1f8bf848694f401608aa420c219361b/spectrum/1040g34o31n31fp9350e04buuq8vakqimgi8gkg8!nd_dft_wlteh_webp_3","经济,投资,财经,财经知识",1765160283824,https://www.xiaohongshu.com/explore/68dc857b00000000040060d0?xsec_token=ABMjiBVK1SSGmYLlNmvbpQ94Xfkd9bW4PBe9itYJ_ASBY=&xsec_source=pc_search,,ABMjiBVK1SSGmYLlNmvbpQ94Xfkd9bW4PBe9itYJ_ASBY=
687235fc0000000012020cbf,video,这场外卖大战将载入中国互联网史册,﻿#财经知识[话题]#﻿ ﻿#社会[话题]#﻿ ﻿#财经视频创作人出道计划[话题]#﻿ ﻿#经济[话题]#﻿ ﻿#外卖[话题]#﻿ ﻿#外卖大战[话题]#﻿,http://sns-video-bd.xhscdn.com/spectrum/1040g35831jr77n0oj6105p8aqsjkgvq6h3v3uko,1752315388000,1752315388000,650ad7270000000012007f46,一鸣财经,https://sns-avatar-qc.xhscdn.com/avatar/1040g2jo313hojekhg0105p8aqsjkgvq6m7ibj38,5.1万,1.1万,3016,2.5万,,http://sns-webpic-qc.xhscdn.com/202512081322/2afe096a29be42c298ddd9a8d5d8e380/spectrum/1040g34o31jr78i1r48105p8aqsjkgvq6inhp6s0!nd_dft_wlteh_webp_3,"财经知识,社会,财经视频创作人出道计划,经济,外卖,外卖大战",1765171330255,https://www.xiaohongshu.com/explore/687235fc0000000012020cbf?xsec_token=AB93L9IzGIIdobktipGQlQd_VzIAevN8dDaAshEyHDiO4=&xsec_source=pc_search,,AB93L9IzGIIdobktipGQlQd_VzIAevN8dDaAshEyHDiO4=
681a11d00000000021009c4e,normal,外卖大战千万别停！,"看热闹的不嫌事大
就是此刻广大点外卖党内心真实OS[捂嘴笑R]
最近美团和京东的热度好像下来了点，现在是饿了么的solo time[大笑R]
这可真是有点“你方唱罢我登场”的意思了[嘻嘻R]
	
咱就是说饿了么也是挺能隐忍的，大家都以为他卸甲归田了，谁曾想原来是憋了好几个大招，五月频频发力各种动作[暗中观察R]
[喝奶茶R]一会请吃小龙虾，一会又是饿补超百亿的，今天在在杭州还出动机器人地推，甚至还有直升飞机拉横幅！
[亲一个R]饿宝组合真是太爱了，不仅自己有免单卡，还有请客卡给朋友用；1亿杯奶茶，这传播效果，只能说背后必有高人指点[喝奶茶R]
目前来看，饿了么是占领了这次外卖大战的高地，受益了你我等广大外卖党～[超喜欢R]
#饿了么[话题]# #饿了么杭州赛博炸街[话题]# #饿了么闪购超百亿补贴[话题]#  #饿了么请喝1亿杯奶茶[话题]# #淘宝闪购[话题]# #外卖大战[话题]# #外卖三国杀[话题]#",,1746540725000,1746538961000,5bc6e0c7dd618100014d4e7c,认真做运营的大卫,https://sns-avatar-qc.xhscdn.com/avatar/6135f66ae8e7273308acaedb.jpg,1万,845,232,487,,"http://sns-webpic-qc.xhscdn.com/202512081322/71b69faf373d2abe7ab9d08806c2fee7/notes_pre_post/1040g3k831h54t9qiju5g4bgae8gcejjs6jjlrp8!nd_dft_wlteh_webp_3,http://sns-webpic-qc.xhscdn.com/202512081322/38ef1901efbb36d518bfca1e0df70569/notes_pre_post/1040g3k831h54t9qiju1g4bgae8gcejjs01oc398!nd_dft_wlteh_webp_3,http://sns-webpic-qc.xhscdn.com/202512081322/8aa094d5703fdd700041d29a3b9002a0/notes_pre_post/1040g3k831h54t9qiju204bgae8gcejjsdj4aago!nd_dft_wlteh_webp_3,http://sns-webpic-qc.xhscdn.com/202512081322/81dc94c298d540316fedc5f02b5b7860/notes_pre_post/1040g3k831h54t9qiju3g4bgae8gcejjs0iisbhg!nd_dft_wlteh_webp_3,http://sns-webpic-qc.xhscdn.com/202512081322/56c18db3c29fbb8d79388b422f02828a/notes_pre_post/1040g3k831h54t9qiju2g4bgae8gcejjsob9lhhg!nd_dft_wlteh_webp_3,http://sns-webpic-qc.xhscdn.com/202512081322/1d653c52978a128fe9409493e3ab12e7/notes_pre_post/1040g3k831h54t9qiju304bgae8gcejjsn3ddhbg!nd_dft_wlteh_webp_3","饿了么,饿了么杭州赛博炸街,饿了么闪购超百亿补贴,饿了么请喝1亿杯奶茶,淘宝闪购,外卖大战,外卖三国杀",1765171330264,https://www.xiaohongshu.com/explore/681a11d00000000021009c4e?xsec_token=ABxSW_1NZ24lu9RvtLOgI-HxTnltH0dBWzFtqeX8U68vE=&xsec_source=pc_search,,ABxSW_1NZ24lu9RvtLOgI-HxTnltH0dBWzFtqeX8U68vE=
692853bb000000001e016054,normal,江苏行政执法卷作文押题：外卖大战,"今年4月以来，外卖行业掀起了一场空前激烈的“补贴大战”。多家大型互联网平台企业利用资金优势，通过“百亿补贴”“大额优惠券”等促销手段争夺市场份额，行业竞争日益白热化。
	
记住外卖员在申论规范词中叫新业态劳动者，不光国考行政执法卷关注到，江苏行政执法卷也超级喜欢这种话题。
	
🔥题目：
构建新业态劳动者权益保障的执法新格局
	
🔥开篇：
随着平台经济的蓬勃发展，数以千万计的新就业形态劳动者已成为推动社会运转不可或缺的力量。然而，劳动关系模糊、社会保障缺位、算法主导下的权益侵蚀等问题，日益成为影响社会公平与稳定的隐忧。行政执法作为维护社会公正的最后防线，必须直面挑战、勇于革新，走出一条“以法治为基础，以协同为助力”的权益保障新路径，让新业态劳动者在法治的护航下安心奋斗、体面劳动。
	
🔥分论点1：
筑牢法治根基，破解权益保障的制度性难题。
踩分点：法定责任、执法实践、最高法指导性案例
	
🔥分论点2：
凝聚协同合力，构建多元共治的执法新体系。
主体分析法：
其一，政府监管需智慧赋能。
其二，平台企业须责任归位。
其三，行业自律要桥梁架设。
	
🔥分论点3：
拓展赋能维度，实现从保权益到促发展的执法升华。
维度分析法：
一方面，强化普法宣传与技能提升。
另一方面，推动公共服务精准衔接。
	
🔥结尾：
法治，是营商环境的最优注解，也是权益保障的最强盾牌。新业态劳动者权益保障的执法革新，是对时代之问的有力回应，更是执法为民初心的生动践行。唯有持续深化执法改革，在守正创新中不断完善，方能护航平台经济行稳致远，激励广大新业态劳动者在高质量发展的征程中挥洒汗水、成就梦想，共同编织一个更加公平、更有温度的数字未来。
	
#行政执法卷[话题]# #江苏行政执法[话题]# #申论行政执法类[话题]# #行政执法卷押题[话题]# #江苏省考申论[话题]#",,1764250555000,1764590195000,6636f2d10000000007005e9d,傲小天,https://sns-avatar-qc.xhscdn.com/avatar/1040g2jo31plqkh2b3u005phmub8honkts2gll80,8083,7906,41,1277,山东,"http://sns-webpic-qc.xhscdn.com/202512081322/a1823ea4d4cdf593024354cf40822899/1040g00831pd1tgmf2a305phmub8honkt4vpsdt0!nd_dft_wlteh_webp_3,http://sns-webpic-qc.xhscdn.com/202512081322/79ed7f1c71e74486144411a68d388948/1040g00831pd1tgmf2a2g5phmub8honktk8rofu8!nd_dft_wlteh_webp_3,http://sns-webpic-qc.xhscdn.com/202512081322/b71968efa97582fb817c5c4697188472/1040g00831pd1tgmf2a205phmub8honkt48def00!nd_dft_wlteh_webp_3,http://sns-webpic-qc.xhscdn.com/202512081322/04893c6f10b8f72fdf5c808ea85ace80/1040g00831pd1tgmf2a1g5phmub8honktghvcnjo!nd_dft_wlteh_webp_3,http://sns-webpic-qc.xhscdn.com/202512081322/42e75d14442b26646cdd38e9ce30c902/1040g00831pd1tgmf2a005phmub8honkt1h4g958!nd_dft_wlteh_webp_3,http://sns-webpic-qc.xhscdn.com/202512081322/11d4b616f21269793097f4d7f5846593/1040g00831pd1tgmf2a0g5phmub8honkta47i5a8!nd_dft_wlteh_webp_3,http://sns-webpic-qc.xhscdn.com/202512081322/6d011377c4126b517116c2b7dab784da/1040g00831pd1tgmf2a105phmub8honkt50d0h48!nd_dft_wlteh_webp_3","行政执法卷,江苏行政执法,申论行政执法类,行政执法卷押题,江苏省考申论",1765171330279,https://www.xiaohongshu.com/explore/692853bb000000001e016054?xsec_token=ABKEogoZZPfoM2ofIIbvKJHIMNik4MHVDUwb_jAeGcdQY=&xsec_source=pc_search,,ABKEogoZZPfoM2ofIIbvKJHIMNik4MHVDUwb_jAeGcdQY=
6885d60c0000000010012667,video,每代人都有各自的鸡蛋要抢#外卖大战[话题]# #有趣的事情[话题]# #日常生活的有趣一面[话题]#,每代人都有各自的鸡蛋要抢#外卖大战[话题]# #有趣的事情[话题]# #日常生活的有趣一面[话题]#,http://sns-video-bd.xhscdn.com/pre_post/1040g0cg31kecj9qpjq405pklrem0u4ufqmmmlp0,1753601548000,1753601548000,6695dbac00000000030313cf,渐笑了（收徒中）,https://sns-avatar-qc.xhscdn.com/avatar/1040g2jo315a1b3av143g5pklrem0u4uf8udt798,7821,2053,386,3647,,http://sns-webpic-qc.xhscdn.com/202512081322/c9ce3cfb1cd1cbf0086d6b2583f3c76b/1040g2sg31kecj9r12agg5pklrem0u4uf6ba32s0!nd_dft_wlteh_webp_3,"外卖大战,有趣的事情,日常生活的有趣一面",1765171330287,https://www.xiaohongshu.com/explore/6885d60c0000000010012667?xsec_token=ABja2OI4cWiY_go18kHBvMen3KMzMJSsm8vz2UqZLHqMI=&xsec_source=pc_search,,ABja2OI4cWiY_go18kHBvMen3KMzMJSsm8vz2UqZLHqMI=
691729da000000001b021a5f,video,外卖圈未免太drama,饿了么：听说你在外面到处说我死了？#淘宝闪购[话题]##饿了么[话题]##外卖大战[话题]#,http://sns-video-bd.xhscdn.com/pre_post/1040g2t031osa2sg3hgrg5ov0erbpt2pfthkcito,1763125722000,1763125723000,63e076d70000000027028b2f,娱乐小虾米,https://sns-avatar-qc.xhscdn.com/avatar/1040g2jo31dm26v6vgk6g5ov0erbpt2pfil7covg,3868,139,6,29,福建,http://sns-webpic-qc.xhscdn.com/202512081322/e969ea7f9c6f639e358f7d53bddd9a69/1040g00831osa2sadha5g5ov0erbpt2pflnqp9u0!nd_dft_wgth_webp_3,"淘宝闪购,饿了么,外卖大战",1765171330292,https://www.xiaohongshu.com/explore/691729da000000001b021a5f?xsec_token=ABC_LHi985LKSR1pIpV-r38Hutc5ItLJk9g2hWwblGJVU=&xsec_source=pc_search,,ABC_LHi985LKSR1pIpV-r38Hutc5ItLJk9g2hWwblGJVU=
68130d350000000021004d04,normal,三国争霸（外卖版）,"这段时间点外卖简直不要太爽[黄金薯R]，一开始只是美团和京东之间的角逐，谁曾想半路杀出个程咬金，外卖鼻祖饿了么申请出战，这下真有看头了！！[doge]
要说饿了么这次的下场时机拿捏的是真精准！背后必有高人指点！
[打卡R]首先，避开了外卖大战初期的情感叙事和社会议题的口水仗，目前用户的关注点重新回到了消费体验上（说白了还是得看谁对消费者好，谁的外卖更便宜呗[钱袋R]）
[打卡R]其次，目前外卖大战硝烟仍在，话题流量依然有很大的借势价值📈
[打卡R]其三，交战双方补贴力度已经开始衰退（残血状态），饿了么此时杀入战场顺势承接业务，直接收割流量（拿人头）[鼓掌R]
[打卡R]其四，外卖行业主要的行业订单高峰时段是在夏天，饿了么现在开启巨额补贴，可以打出一个更长时间段的连续高峰期
京东下场做外卖这一事件，降低了对市场关于即时零售的教育成本，有一定的意义[棒R]
这场战役的本质是""空间电商""对""时间电商""的逆袭。当传统电商的""多快好省""价值公式被拆解，即时零售正在用""空间折叠""重构人货场关系。
同时饿了么与淘宝携巨量资源杀入战场，除了能巩固餐饮外卖领域的地位之外，还能发力即时零售的新增长曲线。不管怎样，对于消费者来说，打破垄断，良性竞争是件好事，便宜外卖更是件妙事！[心心眼R]
#电商运营[话题]# #运营助理[话题]# #运营[话题]# #外卖[话题]# #外卖商战[话题]# #饿了么[话题]# #京东外卖[话题]# #外卖三国杀[话题]#",,1746084165000,1746082117000,5bc6e0c7dd618100014d4e7c,认真做运营的大卫,https://sns-avatar-qc.xhscdn.com/avatar/6135f66ae8e7273308acaedb.jpg,3633,462,379,1080,,"http://sns-webpic-qc.xhscdn.com/202512081322/5c34b5ffcb44594b466ce3f84bfbfaff/1040g00831gu9besk3o6g4bgae8gcejjs1c7jrfo!nd_dft_wlteh_webp_3,http://sns-webpic-qc.xhscdn.com/202512081322/2b7c9b3585b8c41491939a7efcaaeeb7/1040g00831gu9besk3o504bgae8gcejjs3l192no!nd_dft_wlteh_webp_3","电商运营,运营助理,运营,外卖,外卖商战,饿了么,京东外卖,外卖三国杀",1765171330294,https://www.xiaohongshu.com/explore/68130d350000000021004d04?xsec_token=ABVGknoYneQrRl-V2S_Jiq2aHZy7KBp2Ynd-2GC1XvS7g=&xsec_source=pc_search,,ABVGknoYneQrRl-V2S_Jiq2aHZy7KBp2Ynd-2GC1XvS7g=
68b30c1a000000001c006a59,normal,美团高p怎么看待阿里美团外卖大战2,"讨论非常激烈
但是也是一个观察情绪的窗口
我之前并不算了解外卖这个业务
感觉确实很复杂
朋友说这波大仗之后
最受伤的只会是商家
而且是那种不会算账的商家
	
#互联网[话题]# #港股[话题]# #美团[话题]# #阿里[话题]# #阿里巴巴[话题]# #投资[话题]# #认知[话题]# #炒股[话题]# #商业思维[话题]#",,1756564506000,1756568110000,5befd12d081854000199ea82,云上有海,https://sns-avatar-qc.xhscdn.com/avatar/1040g2jo31mq5ehik5m6g4brf6l8irqk2gic12mg,2107,1637,420,721,,"http://sns-webpic-qc.xhscdn.com/202512081322/d3ae760fc49c308e059dac8995ff23ab/notes_pre_post/1040g3k031lqbh938l8604brf6l8irqk2cded3bg!nd_dft_wlteh_webp_3,http://sns-webpic-qc.xhscdn.com/202512081322/501c889931c4edf75194577ff08e6d77/notes_pre_post/1040g3k031lqbh938l8504brf6l8irqk200vg8qg!nd_dft_wlteh_webp_3,http://sns-webpic-qc.xhscdn.com/202512081322/a384d08b4f9dc59f1fd7d9dc004ef04f/notes_pre_post/1040g3k031lqbh938l8404brf6l8irqk21g9qp30!nd_dft_wlteh_webp_3,http://sns-webpic-qc.xhscdn.com/202512081322/59b437860d480283c5746bb1f5148a90/notes_pre_post/1040g3k031lqbh938l8104brf6l8irqk2qudg52o!nd_dft_wlteh_webp_3,http://sns-webpic-qc.xhscdn.com/202512081322/5fc04c7d4d93bf7246ae16ddd1557e3d/notes_pre_post/1040g3k031lqbh938l86g4brf6l8irqk2vkhc0go!nd_dft_wlteh_webp_3,http://sns-webpic-qc.xhscdn.com/202512081322/638873306f466040d8671ca048d5aedc/notes_pre_post/1040g3k031lqbh938l84g4brf6l8irqk23sbnpj0!nd_dft_wlteh_webp_3,http://sns-webpic-qc.xhscdn.com/202512081322/b2d8f1c70b5f6256651a631c9fcf24b5/notes_pre_post/1040g3k031lqbh938l85g4brf6l8irqk21l1j99g!nd_dft_wlteh_webp_3","互联网,港股,美团,阿里,阿里巴巴,投资,认知,炒股,商业思维",1765171330303,https://www.xiaohongshu.com/explore/68b30c1a000000001c006a59?xsec_token=ABsHAiiBidOtjiL7EEaxRosSSqyMiIoJWQOT5NvVEViTc=&xsec_source=pc_search,,ABsHAiiBidOtjiL7EEaxRosSSqyMiIoJWQOT5NvVEViTc=
692aedd8000000001e002185,video,前有外卖大战现在又有奶茶届的双十一了！,古茗你真的把我养的很好#双十一[话题]##外卖大战[话题]##奶茶[话题]##薅羊毛[话题]##古茗[话题]# #古茗奶茶[话题]# #古茗推荐[话题]# #古茗买1送1[话题]# #古茗买一送一[话题]# #古茗鲜活好状态[话题]# #古茗云深幽兰[话题]# #古茗云岭茉莉[话题]# #古茗桃胶木薯炖奶[话题]# #古茗云酪黑荞普洱[话题]# #古茗生椰抹茶麻薯[话题]# #古茗杨枝甘露轻盈版[话题]# #古茗生椰拿铁[话题]# #古茗卡美罗焦糖拿铁[话题]#,http://sns-video-bd.xhscdn.com/1040g00g31pfjgosficjg5n5gdjr5nougssd6rb8,1764478708000,1764581094000,5cb06cf6000000001603e3d0,芒果捞智多星,https://sns-avatar-qc.xhscdn.com/avatar/1040g2jo31bf08m3pne105o5tojp85v4ach61rc8,1915,136,3,12,湖南,http://sns-webpic-qc.xhscdn.com/202512081322/b9431672a96f4ac1ed1669146eb857c9/1040g2sg31pfjgosi24jg5n5gdjr5nougq1f4nco!nd_dft_wlteh_webp_3,"双十一,外卖大战,奶茶,薅羊毛,古茗,古茗奶茶,古茗推荐,古茗买1送1,古茗买一送一,古茗鲜活好状态,古茗云深幽兰,古茗云岭茉莉,古茗桃胶木薯炖奶,古茗云酪黑荞普洱,古茗生椰抹茶麻薯,古茗杨枝甘露轻盈版,古茗生椰拿铁,古茗卡美罗焦糖拿铁",1765171330311,https://www.xiaohongshu.com/explore/692aedd8000000001e002185?xsec_token=AB0XtmEU0SqUgIZHuYdPofiyuFcLsWtWG6jQvt_63wFSI=&xsec_source=pc_search,,AB0XtmEU0SqUgIZHuYdPofiyuFcLsWtWG6jQvt_63wFSI=
691c5549000000000d03d33e,video,11月18日（发布），河北。河北一大爷骑车速度太慢，外卖小哥按喇叭催促后，两人发生争执。大爷打人后想跑，被外卖员拦住，没想到大爷直接骑车碾压过去。（编辑：昊昊）,11月18日（发布），河北。河北一大爷骑车速度太慢，外卖小哥按喇叭催促后，两人发生争执。大爷打人后想跑，被外卖员拦住，没想到大爷直接骑车碾压过去。（编辑：昊昊）,http://sns-video-bd.xhscdn.com/pre_post/1040g2t031p1bks5g2odg5q4k38la6skt9s0st2g,1763464521000,1763464522000,68941a2a000000002803729d,中安在线,https://sns-avatar-qc.xhscdn.com/avatar/5b779c17-d57e-3349-98e8-5bcf1a5947b3,1911,142,191,509,安徽,http://sns-webpic-qc.xhscdn.com/202512081322/f6a6119200b15ebbd2ac0479fc452773/1040g00831p1bks1bis6g5q4k38la6sktoe9du8o!nd_dft_wlteh_webp_3,,1765171330314,https://www.xiaohongshu.com/explore/691c5549000000000d03d33e?xsec_token=ABywR_k3wriRn81Unekqj6dnkSwRqkwyoqu_IkqOWvZRw=&xsec_source=pc_search,,ABywR_k3wriRn81Unekqj6dnkSwRqkwyoqu_IkqOWvZRw=
686a1b190000000011003600,video,外卖大战，00后能吃上的最大红利﻿#离谱[话题]#﻿ ﻿#00后[话题]#﻿ ﻿#外卖大战[话题]#﻿ ﻿#外卖[话题]#﻿ ﻿#大型纪录片[话题]#﻿,外卖大战，00后能吃上的最大红利﻿#离谱[话题]#﻿ ﻿#00后[话题]#﻿ ﻿#外卖大战[话题]#﻿ ﻿#外卖[话题]#﻿ ﻿#大型纪录片[话题]#﻿,http://sns-video-bd.xhscdn.com/spectrum/1040g0jg31jja0ptj2g005o67d23g83vih93f6c0,1751784217000,1751784218000,60c768870000000001000ff2,狗蛋,https://sns-avatar-qc.xhscdn.com/avatar/1040g2jo31l63se0k2o6g5o67d23g83viajiiqh8,1444,527,43,493,,http://sns-webpic-qc.xhscdn.com/202512081322/1a6bc6b8311f85ec791ed61978eee2c2/spectrum/1040g0k031jja1gdrj6005o67d23g83vi8mrobno!nd_dft_wgth_webp_3,"离谱,00后,外卖大战,外卖,大型纪录片",1765171330317,https://www.xiaohongshu.com/explore/686a1b190000000011003600?xsec_token=AB6Fj7I3Sm6s5DJneoLcPPaDdPCsTtc5bgy6y7bERFN_w=&xsec_source=pc_search,,AB6Fj7I3Sm6s5DJneoLcPPaDdPCsTtc5bgy6y7bERFN_w=
68b1aacf000000001c013b9e,normal,阿里利润涨76%，美团利润跌89%，这仗咋打？,"今天，万众期待的阿里的财报发了。我把这两份财报放在一起看，只能说，没有对比，就没有伤害 。
	
我们来看看数据：
[一R]阿里这边：集团整体收入稳健增长10%，净利润更是同比增长了76%。
[二R]美团那边：调整后净利润同比暴跌了89%。
这场外卖大战打到现在，谁是赢家，谁是输家，可以说是一目了然了。
	
美团自己在财报里说，受到了“非理性竞争”的影响。但对阿里来说，这笔买卖，实在是太值了。相当于只花了两三百亿的营销预算（我们之前聊过，这笔钱本来也要花），就成功撬动了一个和美团规模相当的即时零售市场。
	
而且，从订单量上看，阿里也取得了历史性的突破。根据晚点的报道，8月8号和9号那两天，淘宝闪购的订单份额，历史上第一次，反超了美团！
	
我觉得，这背后是阿里一个更宏大的图谋。它想要的，根本不只是一餐一饭的外卖生意，而是未来那个30万亿的大消费市场。
	
当用户慢慢习惯了在淘宝上不仅能买衣服，还能买充电线、办公用品等即时需求，并且一小时内就能送到的时候，淘宝就真正从一个电商App，进化成了一个生活App。这种用户心智的占领，才是最可怕的。
	
关于这一点，最近经常用淘宝闪购点外卖的人应该深有体会，可以仔细回想一下，是不是打开淘宝的频率高了很多？本来在其它平台上买的东西顺手就在淘宝上买了，我相信这种用户很多。
	
而且之前高盛的研报也预测，美团的长期市场份额，可能会在这轮大战中，被永久性地打下来。未来的格局，很可能变成美团:阿里:京东 = 4.5:4.5:1的双寡头局面。
	
我个人感觉，随着阿里这份超预期财报的发布，即时零售市场这次可能真的要变天了 。
#大厂[话题]# #科技[话题]# #商业[话题]# #互联网[话题]# #互联网大厂[话题]# #商业分析[话题]# #电商运营[话题]# #人工智能[话题]# #淘宝[话题]#",,1756474063000,1756474064000,5e66c3ef0000000001000241,知行随想 | ZhiX Insight,https://sns-avatar-qc.xhscdn.com/avatar/1040g2jo319ndtmavne6g5nj6ofng80i1lirua98,1125,391,360,421,,http://sns-webpic-qc.xhscdn.com/202512081322/577f680e890858f3fe81979ba3e3540e/1040g2sg31lp67srn5ie05nj6ofng80i1nj5cgu8!nd_dft_wlteh_webp_3,"大厂,科技,商业,互联网,互联网大厂,商业分析,电商运营,人工智能,淘宝",1765171330322,https://www.xiaohongshu.com/explore/68b1aacf000000001c013b9e?xsec_token=ABGPop0dxqDO2z8nN_Hlb2gDZXQujOWjUNipzPf5dlWts=&xsec_source=pc_search,,ABGPop0dxqDO2z8nN_Hlb2gDZXQujOWjUNipzPf5dlWts=
689d39aa000000001d024e81,normal,外卖大战幕后众生：店员在后厨崩溃大哭,"看完晚点这篇关于这篇外卖大战的幕后深度报道 ，感觉更多是心累，作者不再只聚焦于平台宏大的补贴和成交数据，还有背后品牌和商家的焦虑及一线打工人的辛苦状态。有那么一点老舍茶馆的历史视角的呈现味道，感谢晚点的采写，也致敬劳动者，同时有感于外卖行业的极度内卷化，这种打法不知道到了拉美，当地土著可还受得了？
	
摘录几点报道主要看点：
[一R]与闪购饿了么庆祝日订单破亿的兴奋状态不同，美团在立秋这天破1.3亿单后已非常平静，没有高管发朋友圈，就像办了十几年的电商节一样平常。
[二R]淘宝闪购光在奶茶一天的补贴就高达四个亿，补贴不计成本。而美团已默认接受订单量可被阿里超过。
[三R]外卖大战的火爆导致有京东平台上的茶饮品牌加盟商原料匮乏，不得不冒着被公司处罚的危险，从拼多多上买杯托和吸管。
[四R]没有品牌愿意继续玩下去，活动前的外卖订单利润就已经只有自取订单的1/2或1/3，甚至他们更担心破价影响用户心智，大家喝多了0元购，不再习惯于十几块的奶茶。
[五R]人类永远比原料更耐耗。有店员在后厨剥葡萄皮剥到崩溃大哭，有店员回家睡觉做梦还在打包，被家属摇醒。
有时活动已上线了，打单机吐了三百单，但品牌还不知情。
[六R]商家原料断货，导致加盟商像抢演唱会门票一样刷手机抢椰乳，甚至沪上阿姨店员端着锅去瑞幸店里借冰块。店员像机械臂一样高效运转，报酬就是能领一个20块加班红包🧧。#补贴大战[话题]# #外卖大战[话题]# #淘宝闪购[话题]# #美团[话题]# #饿了么[话题]# #京东[话题]# #财经[话题]# #热点[话题]# #热点薯[话题]# #打工人[话题]#",,1755134379000,1755191882000,6655a469000000000b032401,大厂观察,https://sns-avatar-qc.xhscdn.com/avatar/1040g2jo31i2gr3c070605pilkhkiu901gmui0t0,1121,358,144,139,,"http://sns-webpic-qc.xhscdn.com/202512081322/e181afcc002122762f9b8bb499a0cd2b/1040g00831l56lt8f2u6g5pilkhkiu901o0m3tr0!nd_dft_wlteh_webp_3,http://sns-webpic-qc.xhscdn.com/202512081322/bb32c72f7986e7f155e49b0c31587893/1040g00831l56lt8f2u605pilkhkiu901kjmcesg!nd_dft_wlteh_webp_3,http://sns-webpic-qc.xhscdn.com/202512081322/b1793169d4b7b967846c3980126b9cac/1040g00831l56lt8f2u205pilkhkiu901s5e1nvg!nd_dft_wlteh_webp_3,http://sns-webpic-qc.xhscdn.com/202512081322/cffab591f4fd11dd837d1b0f6017c8db/1040g00831l56lt8f2u2g5pilkhkiu901udsc8ag!nd_dft_wlteh_webp_3,http://sns-webpic-qc.xhscdn.com/202512081322/b1057e8a8ef4f4969bf181f3d6470ac0/1040g00831l56lt8f2u105pilkhkiu9014cg170g!nd_dft_wlteh_webp_3,http://sns-webpic-qc.xhscdn.com/202512081322/d5bdd4a08a5e4d93f9be36862321c2a7/1040g00831l56lt8f2u405pilkhkiu901lg6rjr8!nd_dft_wlteh_webp_3,http://sns-webpic-qc.xhscdn.com/202512081322/a36941fd0e21e1795a8271dba163cf13/1040g00831l56lt8f2u4g5pilkhkiu901su47vio!nd_dft_wlteh_webp_3,http://sns-webpic-qc.xhscdn.com/202512081322/10c8909630ab7e2752751d5cf7d901c9/1040g00831l56lt8f2u5g5pilkhkiu901tqi4rh0!nd_dft_wlteh_webp_3","补贴大战,外卖大战,淘宝闪购,美团,饿了么,京东,财经,热点,热点薯,打工人",1765171330325,https://www.xiaohongshu.com/explore/689d39aa000000001d024e81?xsec_token=ABE9V5hTMD9kBlKKFjSjTAm1c3jwNAi7nFM3DL1cbZbV8=&xsec_source=pc_search,,ABE9V5hTMD9kBlKKFjSjTAm1c3jwNAi7nFM3DL1cbZbV8=
6918287a000000000d00dde1,normal,黄蓝CP终章？这波告别整活我先笑疯！,"谁懂啊！刷到美团外卖这波操作直接笑到拍腿，黄蓝CP的售后竟然是以这种方式来袭😂
黄蓝两个小不点互相挥挥手，竟然有点莫名好磕又好哭？建议美团外卖直接把黄蓝CP锁死，这售后比正主还用心❤️
本来以为只是网友脑补的二创，结果是美团外卖真的在搞事！说是致敬蓝朋友，狂送10000000朵“花”，听说现在每个人都可以领花，还有人领到100只呢！搜了下才知道这“花”有多离谱——玫瑰鲜花饼算花、五花肉串算花，甚至开花肠都能凑数，这波玩梗是真的没上限了🤭
不得不说美团外卖是懂整活的，看来这波黄蓝合体的热度是压不住了～
	
#美团外卖[话题]# #外卖大战[话题]# #饿了么[话题]# #互联网大厂八卦[话题]#",,1763193824000,1763190907000,5f2229340000000001000b1e,桃个大宝藏,https://sns-avatar-qc.xhscdn.com/avatar/1040g2jo31hs0euvojs5g5np254q082ou4aq4t2g,1091,178,53,24,浙江,"http://sns-webpic-qc.xhscdn.com/202512081322/e087646a7869fc31c1345e87f81d1514/notes_pre_post/1040g3k831ot95uc8ho005np254q082oulblmhe8!nd_dft_wlteh_webp_3,http://sns-webpic-qc.xhscdn.com/202512081322/48374adcc031cd909801dd26b75b3166/notes_pre_post/1040g3k831ot95ue81g005np254q082outckamr8!nd_dft_wlteh_webp_3,http://sns-webpic-qc.xhscdn.com/202512081322/d6c70fec1f41435558192f97e027dd9f/notes_pre_post/1040g3k031ot95uglhk005np254q082ouuj27bfo!nd_dft_wlteh_webp_3","美团外卖,外卖大战,饿了么,互联网大厂八卦",1765171330329,https://www.xiaohongshu.com/explore/6918287a000000000d00dde1?xsec_token=ABhIXuZXu6gG7Jv7a3fvCUs2l2JWC1ACE9s09fIAt7tv8=&xsec_source=pc_search,,ABhIXuZXu6gG7Jv7a3fvCUs2l2JWC1ACE9s09fIAt7tv8=
688c60c7000000002302f620,normal,阿里下场三个月，即时零售变天了,"阿里打硬仗的能力实在是强！从电商到外卖，阿里正式下场才不到三个月的时间，现在行业格局已经发生了大逆转。
	
刚刚看到《晚点》的报道《隐形的便利店，美团淘宝的即时零售暗战》，调查了闪购领域的多个头部商家，从最前线的视角来解读这场即时零售大战：商家有没有增收？欢不欢迎市场的创新入局者，对行业格局变化怎么看？有很多商家真实的声音。
	
晚点透露，淘宝闪购非餐订单约1500万单，美团2000万单，这说明淘宝与美团在闪购业务上已经相差不大了。而且，晚点还对闪购头部商家做了采访，信息量挺大的。比如，网易严选在华南的前置仓，在淘宝闪购正式加入大战之前，饿了么日单量几十单，主要依赖美团，而今天，在淘宝闪购上万单店就有十几家了，增长非常快。位于广州的前置仓还直接亮出了最近一个月数据，淘宝闪购1.3万单，美团1.2万单，京东0.3万单，淘宝闪购的订单量已经反超了美团。而作为“中国闪电仓十大品牌之一”的小柴购，今年6月加入淘宝闪购后，短时间内淘宝闪购的业务量已经占品牌全渠道的30%，7月12日这天，小柴购所有门店在淘宝闪购的日单量都超过了10万单。不得不说，淘宝闪购的增长势头实在强劲。
	
这些商家反馈来的信息可以总结下：美团一家独大的行业格局被打破，淘宝闪购在很多领域正在并肩甚至反超。晚点评价说，美团一手打造的闪电仓，在帮整个行业培育市场。“领跑者耗时多年铺设的道路，成为后来者快速追赶的坦途，这是所有第一名的宿命。”#互联网大厂[话题]# #阿里[话题]# #淘宝闪购[话题]# #美团[话题]# #外卖大战[话题]#",,1754030279000,1754030279000,53cd3bbbb4c4d64f93463018,大厂陈同学,https://sns-avatar-qc.xhscdn.com/avatar/1040g2jo31con54gmgm5g40044itrmc0o3uhd0gg,1052,408,532,196,,"http://sns-webpic-qc.xhscdn.com/202512081322/4abbfc5d47e99bec1cfef4dbf5c17cfc/1040g00831kknlh4lj44040044itrmc0olccf7fg!nd_dft_wlteh_webp_3,http://sns-webpic-qc.xhscdn.com/202512081322/5314241991720710758aded9cfc32f49/1040g00831kknlh4lj46g40044itrmc0ojb3t05g!nd_dft_wlteh_webp_3,http://sns-webpic-qc.xhscdn.com/202512081322/21485ae601687d191cf4ceb2b1c87595/1040g00831kknlh4lj41040044itrmc0ogl3mo1g!nd_dft_wgth_webp_3,http://sns-webpic-qc.xhscdn.com/202512081322/44be276a6837caa2f04d6ce9d3a46743/1040g00831kknlh4lj45g40044itrmc0oi837d5g!nd_dft_wgth_webp_3,http://sns-webpic-qc.xhscdn.com/202512081322/04075a9a7e9b554f3e9b647b1235f051/1040g00831kknlh4lj44g40044itrmc0o7fi7e90!nd_dft_wgth_webp_3","互联网大厂,阿里,淘宝闪购,美团,外卖大战",1765171330332,https://www.xiaohongshu.com/explore/688c60c7000000002302f620?xsec_token=ABi6U-SzAWPYNa_TzkHemeiILH7bW1HQvz1BQtFkFHF18=&xsec_source=pc_search,,ABi6U-SzAWPYNa_TzkHemeiILH7bW1HQvz1BQtFkFHF18=
692cf2ad000000001e0242b3,video,外卖大战6个月烧掉近800亿,#外卖大战[话题]#  #美团[话题]#  #饿了么[话题]#  #京东[话题]# #外卖[话题]# #搞笑[话题]# #年轻人开始反向消费了[话题]# #热点[话题]#,http://sns-video-bd.xhscdn.com/spectrum/1040g2f031phipg7tjm005q061nc3jpk9o6gfks8,1764553389000,1764553390000,68060dd8000000000e01e689,小花涨知识,https://sns-avatar-qc.xhscdn.com/avatar/1040g2jo31jogrvt12g6g5q061nc3jpk9furspko,977,41,41,113,北京,http://sns-webpic-qc.xhscdn.com/202512081322/efb7d6acfeb7949dfc0bf9739dba1a4c/spectrum/1040g0k031phira8bjk005q061nc3jpk942bfbg0!nd_dft_wlteh_webp_3,"外卖大战,美团,饿了么,京东,外卖,搞笑,年轻人开始反向消费了,热点",1765171330335,https://www.xiaohongshu.com/explore/692cf2ad000000001e0242b3?xsec_token=ABBKeeG8GVKDmd61xn6HPyDQNQtwaxcGsNGFZ7XpRfqMc=&xsec_source=pc_search,,ABBKeeG8GVKDmd61xn6HPyDQNQtwaxcGsNGFZ7XpRfqMc=
68f606c9000000000701711b,normal,外卖价格战熄火？美团启动20亿+商家补贴,"10月16日，在第八届餐饮产业大会上，一组行业数据让人震惊：今年新增的外卖订单中，有七成来自15元以下的低价区间。不得不说，今年的餐饮行业太卷了！一个行业依靠平台补贴来低价竞争，显然不是长远之计。我们观察到，近期各大平台的补贴已经在熄火降温。下一轮的“外卖大战”重点方向在哪里？美团在接下来的举措给出了他们的答案：
	
一、追加20亿元助力金，外卖、堂食商家均可获得现金支持
	
去年，美团面向餐饮外卖商家投入10亿助力金，有36万商家收到了现金或补贴。今年以来，受行业低价竞争影响，餐饮商家遭受了普遍冲击。为给商家提供更精准的帮扶，8月，美团推出了中小商户发展扶持计划，美团将追加20亿元助力金，覆盖范围从此前的外卖商家，延伸至堂食商家，让各类餐饮好店，都能获得现金支持，实现长效经营。
	
二、3亿元支持店型模式创新，5亿推动“明厨亮灶”新基建
	
“对餐饮行业来说，现在最重要的，不是‘再烧一轮’，而是回到经营的本质——让利润回归，让效率回归。”基于这一理念，美团正持续深入供应链改造，推出帮助门店增收增利的创新的卫星店模式。已有超900个餐饮品牌与美团合作探索卫星店，门店数量超过8000家，店均成本投入降低60%，平均回本周期6-8个月。
	
为进一步推动行业创新发展，美团将投入3亿元专项资金，支持商家实践卫星店、外卖自提、拼好饭等增收新模式。在此基础上，追加5亿元“明厨亮灶”补贴，与商家共同打造透明后厨新基建，让食品安全成为餐饮新招牌。
	
三、发布餐饮商家AI决策工具“袋鼠参谋”，全场景AI经营工具向商家开放
	
在本次大会上，美团全新推出餐饮商家AI决策工具——袋鼠参谋。该产品搭载美团自研大模型“Longcat”，覆盖赛道分析、开店选址、菜品研发、财务分析等日常经营全流程。目前，“袋鼠参谋”“智能掌柜”等全平台AI工具已向行业商家免费开放，帮助商家提效降本，共享AI红利。
	
当其他平台还在拼补贴、拼低价的时候，美团已经开始拼“让商家能活下去”。反内卷、发助力金、推明厨亮灶、帮商家改卫星店，这些看似“慢动作”，但其实是在稳长线。
	
大额补贴餐饮商家、帮助商家创收增收，长远看对于提高合作商家的餐饮出品质量、提升合作商家食品安全水平大有裨益，商家、客户、平台共赢才是行业行稳致远的发展之道。真金白银投入助力商家发展的美团，值得期待！
#美团[话题]##美团外卖[话题]##餐饮人加油[话题]# #美团助力金[话题]# #明厨亮灶[话题]# #餐饮经营[话题]#",,1760954989000,1760954057000,5b3da8546b58b76fbc700c7f,insummerwefly,https://sns-avatar-qc.xhscdn.com/avatar/6441190851489ccc11a7398e.jpg,928,94,283,170,,"http://sns-webpic-qc.xhscdn.com/202512081322/70cd70ba7af1448a94adfaf96df9bc14/notes_pre_post/1040g3k831nrugu3pkq004a6rv3k5833vojdrrhg!nd_dft_wlteh_webp_3,http://sns-webpic-qc.xhscdn.com/202512081322/e39e8f40396a0cd841bce5abec9a3278/notes_pre_post/1040g3k031nrugu8050004a6rv3k5833vgulln8g!nd_dft_wlteh_webp_3,http://sns-webpic-qc.xhscdn.com/202512081322/80fde628e7d5eb2836849a2e91363332/notes_pre_post/1040g3k031nrugv3f4u004a6rv3k5833vti0eld8!nd_dft_wlteh_webp_3,http://sns-webpic-qc.xhscdn.com/202512081322/7dc186fe283276e6fbd58cc1c7b2c311/notes_pre_post/1040g3k031nruguue4s004a6rv3k5833vbigpi5o!nd_dft_wlteh_webp_3,http://sns-webpic-qc.xhscdn.com/202512081322/ef55e1fc6e0c5199beb9c7457212215d/notes_pre_post/1040g3k031nrugupe52004a6rv3k5833vek4c608!nd_dft_wlteh_webp_3,http://sns-webpic-qc.xhscdn.com/202512081322/5eaddf331d08c9e55f93477c2ffe0bc5/notes_pre_post/1040g3k031nrugukh52004a6rv3k5833v3jraj38!nd_dft_wlteh_webp_3,http://sns-webpic-qc.xhscdn.com/202512081322/44d49b8f86c8899e01d9df8ec69b33f7/notes_pre_post/1040g3k031nrugug7ks004a6rv3k5833v5j6d3i8!nd_dft_wlteh_webp_3,http://sns-webpic-qc.xhscdn.com/202512081322/3352e5e04eb3c1804cd460ee4add4e6a/notes_pre_post/1040g3k831nrugudel0004a6rv3k5833vv081reg!nd_dft_wlteh_webp_3","美团,美团外卖,餐饮人加油,美团助力金,明厨亮灶,餐饮经营",1765171330339,https://www.xiaohongshu.com/explore/68f606c9000000000701711b?xsec_token=ABDA523Pq09mN9fCh5rk7hMQCl4EwzWUuGCXs-NMPCUNU=&xsec_source=pc_search,,ABDA523Pq09mN9fCh5rk7hMQCl4EwzWUuGCXs-NMPCUNU=
6929b268000000001e02110d,normal,所以外卖大战便宜了谁,"反正美团2025年第三季度（覆盖和淘宝闪购打得最凶的暑假）财报的数据是真不太好看。「晚点 LatePost」做的图非常直观，把参战这几家公司和暗度陈仓的竞争对手都摆在了一起，盘盘看就知道，谁最肉疼。
	
美团业绩发布会上，作为CEO的王兴有一段话很值得琢磨：
	
我们认为外卖价格战是劣币催逐良币的典型例子，低价、低质是不可持续发展的，这本质上是一场恶性竞争。我们坚决反对这种做法。
	
过去六个月，大家看到的一些事实和动态也证明了这一点，低价低质、劣币驱动良币并未为行业创造任何实际价值，也并未提供好的路径。
	
作为对比，在外卖大战刚开始的时候还有这么一句：我们要不惜一切代价赢得这场战争。现在代价来了，上市以来最大亏损。确实耗不起，也没有谁耗得起。
	
#互联网大厂[话题]# #互联网[话题]# #美团[话题]# #大厂[话题]# #职场[话题]# #阿里巴巴[话题]# #淘宝闪购[话题]#  #抖音[话题]# #美团外卖[话题]# #京东[话题]# #电商[话题]#",,1764340329000,1764387675000,67152e4a000000001d0220c9,大厂切面Section,https://sns-avatar-qc.xhscdn.com/avatar/1040g2jo31ikgac0j0c3g5pol5p57c869js8e65o,834,320,426,666,北京,"http://sns-webpic-qc.xhscdn.com/202512081322/fb85be33b0f7ecabe960b3dd78ccfa3d/1040g2sg31pev4n2e2o605pol5p57c8691tjo020!nd_dft_wlteh_webp_3,http://sns-webpic-qc.xhscdn.com/202512081322/b7bbc816a42ae6d1d5a9272efaca7bfc/1040g2sg31pev4n2e2o1g5pol5p57c8698h5jlrg!nd_dft_wlteh_webp_3,http://sns-webpic-qc.xhscdn.com/202512081322/0dc66b924ec220ef45bc16acbb06a1bd/1040g2sg31pev4n2e2o505pol5p57c869ls0d4d0!nd_dft_wlteh_webp_3,http://sns-webpic-qc.xhscdn.com/202512081322/5756ac878c927c10676e2c28990d3ea8/notes_pre_post/1040g3k831ped79nh2o005pol5p57c869vsh3oq0!nd_dft_wlteh_webp_3,http://sns-webpic-qc.xhscdn.com/202512081322/444779bf42518f1897d2a814bec0fcd3/notes_pre_post/1040g3k831ped7a5v3c005pol5p57c86953c88dg!nd_dft_wlteh_webp_3","互联网大厂,互联网,美团,大厂,职场,阿里巴巴,淘宝闪购,抖音,美团外卖,京东,电商",1765171330342,https://www.xiaohongshu.com/explore/6929b268000000001e02110d?xsec_token=ABRv6DixBc-mhpoIOyMpbHEkrz47gniiKn86-SR1_oVAo=&xsec_source=pc_search,,ABRv6DixBc-mhpoIOyMpbHEkrz47gniiKn86-SR1_oVAo=
68d237a7000000001201cd29,normal,点多了便宜外卖后，已经接受不了线下的物价了[石化R][石化R][石化R][石化R][石化R]#外卖大战[话题]# #物价[话题]#,点多了便宜外卖后，已经接受不了线下的物价了[石化R][石化R][石化R][石化R][石化R]#外卖大战[话题]# #物价[话题]#,,1758607271000,1758607272000,64982a40000000001c029c5f,什么？,https://sns-avatar-qc.xhscdn.com/avatar/1040g2jo31lm0b9aq4q005p4o5907572vtuk3lgo,799,49,152,23,,http://sns-webpic-qc.xhscdn.com/202512081322/953445a5dcfbc0c5ef399ee1df982c66/1040g2sg31movh6ivkse05p4o5907572vvrt6fk8!nd_dft_wlteh_webp_3,"外卖大战,物价",1765171330348,https://www.xiaohongshu.com/explore/68d237a7000000001201cd29?xsec_token=ABOY-OsFgmusBij51fBrEqPb_C6fx2eMTPjsIAGrl31mc=&xsec_source=pc_search,,ABOY-OsFgmusBij51fBrEqPb_C6fx2eMTPjsIAGrl31mc=
68dc857b00000000040060d0,normal,300亿，烧了个寂寞,外卖大战需要回归理性 #经济[话题]# #投资[话题]# #财经[话题]# #财经知识[话题]#,,1759282555000,1759282556000,5c0d3eaa6b58b71b598e6a56,禾木先生,https://sns-avatar-qc.xhscdn.com/avatar/1040g2jo31n1u7ilq5i004buuq8vakqim4tlq0gg,570,202,612,55,,"http://sns-webpic-qc.xhscdn.com/202512081322/ec816608898b2fd56462b71a689a1b33/spectrum/1040g34o31n31fp9350904buuq8vakqimqv28rg8!nd_dft_wlteh_webp_3,http://sns-webpic-qc.xhscdn.com/202512081322/a44c87a6493b6a237cce050300ddd8f9/spectrum/1040g34o31n31fp93509g4buuq8vakqim4imhsc8!nd_dft_wlteh_webp_3,http://sns-webpic-qc.xhscdn.com/202512081322/975503ae42470cb0f9f27952c9242ddf/spectrum/1040g34o31n31fp9350a04buuq8vakqimkkmjb70!nd_dft_wlteh_webp_3,http://sns-webpic-qc.xhscdn.com/202512081322/7a4cfe8c639a2b4f14a87b9bf53fdc82/spectrum/1040g34o31n31fp9350ag4buuq8vakqim20ks26o!nd_dft_wlteh_webp_3,http://sns-webpic-qc.xhscdn.com/202512081322/d93a2e26e963afb8c3ba5265eb291f9d/spectrum/1040g34o31n31fp9350b04buuq8vakqime4bf950!nd_dft_wlteh_webp_3,http://sns-webpic-qc.xhscdn.com/202512081322/76319d8f2c0ddef2e4afc1e9a79762bd/spectrum/1040g34o31n31fp9350bg4buuq8vakqim1es8tig!nd_dft_wlteh_webp_3,http://sns-webpic-qc.xhscdn.com/202512081322/52035a3ad6238c60906ff532bf907a8b/spectrum/1040g34o31n31fp9350c04buuq8vakqimd6ota30!nd_dft_wlteh_webp_3,http://sns-webpic-qc.xhscdn.com/202512081322/c7a353b7c530519cfc19fbbb4179373b/spectrum/1040g34o31n31fp9350cg4buuq8vakqim4brkg10!nd_dft_wlteh_webp_3,http://sns-webpic-qc.xhscdn.com/202512081322/baebc55984deb41f4dbf85d3ca8f814a/spectrum/1040g34o31n31fp9350d04buuq8vakqimmfuuqu8!nd_dft_wlteh_webp_3,http://sns-webpic-qc.xhscdn.com/202512081322/edddcd9584ada692a4e783cb59fbdd86/spectrum/1040g34o31n31fp9350dg4buuq8vakqimq95340g!nd_dft_wlteh_webp_3,http://sns-webpic-qc.xhscdn.com/202512081322/4954dc78a69a4048499921b301a72e3a/spectrum/1040g34o31n31fp9350e04buuq8vakqimgi8gkg8!nd_dft_wlteh_webp_3","经济,投资,财经,财经知识",1765171330350,https://www.xiaohongshu.com/explore/68dc857b00000000040060d0?xsec_token=ABMjiBVK1SSGmYLlNmvbpQ94Xfkd9bW4PBe9itYJ_ASBY=&xsec_source=pc_search,,ABMjiBVK1SSGmYLlNmvbpQ94Xfkd9bW4PBe9itYJ_ASBY=
