﻿comment_id,create_time,ip_location,note_id,content,user_id,nickname,avatar,sub_comment_count,pictures,parent_comment_id,last_modify_ts,like_count
64ba93db000000001701380d,2023-07-21 14:19:07,,64b95d01000000000c034587,哈哈哈哈明明东西都被抢完了，还在担心公主，太后和小皇上怪好的嘞,622b14f9000000002102534e,北京小狗狗,https://sns-avatar-qc.xhscdn.com/avatar/1040g2jo31mfavqai5m5g5ohb2jsockqeo2skgo0?imageView2/2/w/120/format/jpg,15,,0,1764823044067,1169
64b969b1000000001a038561,2023-07-20 17:06:57,,64b95d01000000000c034587,她们居然还惦记着我的宝珠公主过得好不好，真好,5d36a13e000000001603f6fc,海棠未眠,https://sns-avatar-qc.xhscdn.com/avatar/1040g2jo313c4okgi20405n9mk4v5ntnsecif3a0?imageView2/2/w/120/format/jpg,7,,0,1764823044069,610
64b97abb0000000019031a47,2023-07-20 18:19:39,,64b95d01000000000c034587,这个太后的装扮也好好看呐[害羞R],5d36a13e000000001603f6fc,海棠未眠,https://sns-avatar-qc.xhscdn.com/avatar/1040g2jo313c4okgi20405n9mk4v5ntnsecif3a0?imageView2/2/w/120/format/jpg,0,,0,1764823044082,251
64b9d297000000001800a291,2023-07-21 00:34:31,,64b95d01000000000c034587,哈哈哈哈哈，是的是的，真的好喜欢这部剧，看的好顺心，舒服，剧情真不错，没有讨人厌的人物,5c2ffa130000000005007155,三目生,https://sns-avatar-qc.xhscdn.com/avatar/1040g2jo312ti9dkvle6g5n1fv89h8salenn139o?imageView2/2/w/120/format/jpg,3,,0,1764823044102,135
64b97ae7000000001f032ec5,2023-07-20 18:20:25,,64b95d01000000000c034587,笑死[笑哭R][笑哭R][笑哭R],5d36a13e000000001603f6fc,海棠未眠,https://sns-avatar-qc.xhscdn.com/avatar/1040g2jo313c4okgi20405n9mk4v5ntnsecif3a0?imageView2/2/w/120/format/jpg,1,http://sns-webpic-qc.xhscdn.com/202512041237/74289c1aa42025f98399f6f4741aceed/comment/1000g2h02r39vokgji06g5n9mk4v5ntnso2gm6h8!nd_whlt34_webp_wm_1,0,1764823044123,47
64baac45000000001803bd0e,2023-07-21 16:03:17,,64b95d01000000000c034587,被博主安利到，连刷五集，只能说是我心中今年古偶top！真的很好看大家快去看！,5b7d214976d03900019dda62,椿山空,https://sns-avatar-qc.xhscdn.com/avatar/1040g2jo30vvhhlc6m6004ai3nngkjmj24mo8teg?imageView2/2/w/120/format/jpg,3,,0,1764823044142,8
64ba04c80000000018007077,2023-07-21 04:08:40,,64b95d01000000000c034587,短剧吗,5f094045000000000101e92d,花小贝,https://sns-avatar-qc.xhscdn.com/avatar/1040g2jo317c923b0ka005no9812gbq9dv7pl8oo?imageView2/2/w/120/format/jpg,2,,0,1764823044164,7
64ba18ae000000002b007ef8,2023-07-21 05:33:34,,64b95d01000000000c034587,金枝玉叶宝珠公主 谁能不爱呢哈哈哈,5ac7565de8ac2b112d783b32,慢慢吞吞两点水,https://sns-avatar-qc.xhscdn.com/avatar/6021ee48812d4b0001f8c413.jpg?imageView2/2/w/120/format/jpg,0,,0,1764823044189,18
64c5d52e000000001a035836,2023-07-30 03:12:46,,64b95d01000000000c034587,这是什么剧呀,5c270a680000000005014e78,遥岑,https://sns-avatar-qc.xhscdn.com/avatar/5c270b7108f9f20001e9625b.jpg?imageView2/2/w/120/format/jpg,2,,0,1764823044214,0
64ca1c4c000000001900ebb5,2023-08-02 09:05:16,,64b95d01000000000c034587,这是什么剧啊[萌萌哒R],5bb6e7b224264b000138025c,南璟,https://sns-avatar-qc.xhscdn.com/avatar/5ef4d9232b2d2400015e95bd.jpg?imageView2/2/w/120/format/jpg,1,,0,1764823044235,1
64ba9ec00000000019037bdd,2023-07-21 15:05:36,,64b95d01000000000c034587,小皇帝还会写错别字[害羞R]要被武安候收拾的[笑哭R],5d36a13e000000001603f6fc,海棠未眠,https://sns-avatar-qc.xhscdn.com/avatar/1040g2jo313c4okgi20405n9mk4v5ntnsecif3a0?imageView2/2/w/120/format/jpg,0,,64ba93db000000001701380d,1764823046273,568
64ba9fd0000000000e0009cc,2023-07-21 15:10:08,,64b95d01000000000c034587,怪不得小皇帝不喜欢侯爷哈哈哈哈,622b14f9000000002102534e,北京小狗狗,https://sns-avatar-qc.xhscdn.com/avatar/1040g2jo31mfavqai5m5g5ohb2jsockqeo2skgo0?imageView2/2/w/120/format/jpg,0,,64ba9ec00000000019037bdd,1764823046982,136
64baa026000000001f0331b1,2023-07-21 15:11:34,,64b95d01000000000c034587,哈哈哈，哪敢不喜欢，那是怕,5d36a13e000000001603f6fc,海棠未眠,https://sns-avatar-qc.xhscdn.com/avatar/1040g2jo313c4okgi20405n9mk4v5ntnsecif3a0?imageView2/2/w/120/format/jpg,0,,64ba9fd0000000000e0009cc,1764823047007,61
64baa095000000001a036fa3,2023-07-21 15:13:25,,64b95d01000000000c034587,写错字了侯爷可是会生气的，一生气小皇帝和太后都害怕，所以都不让皇帝拟旨[笑哭R],5d36a13e000000001603f6fc,海棠未眠,https://sns-avatar-qc.xhscdn.com/avatar/1040g2jo313c4okgi20405n9mk4v5ntnsecif3a0?imageView2/2/w/120/format/jpg,0,,64ba9fd0000000000e0009cc,1764823047034,107
64baa19f000000002c02da7a,2023-07-21 15:17:51,,64b95d01000000000c034587,哈哈哈哈哈哈笑死了,622b14f9000000002102534e,北京小狗狗,https://sns-avatar-qc.xhscdn.com/avatar/1040g2jo31mfavqai5m5g5ohb2jsockqeo2skgo0?imageView2/2/w/120/format/jpg,0,,64baa095000000001a036fa3,1764823047053,20
64baa3380000000019031eb7,2023-07-21 15:24:40,,64b95d01000000000c034587,侯爷可能只是有点没礼貌，眼里容不得错别字，他们总觉得他要造反，不过没关系，我们的宝珠公主看出来了，侯爷一点都不凶,5d36a13e000000001603f6fc,海棠未眠,https://sns-avatar-qc.xhscdn.com/avatar/1040g2jo313c4okgi20405n9mk4v5ntnsecif3a0?imageView2/2/w/120/format/jpg,0,,64baa19f000000002c02da7a,1764823047080,86
64baa571000000001d03a242,2023-07-21 15:34:09,,64b95d01000000000c034587,对呀，侯爷可能就是比较严谨，然后也希望小皇帝成材，侯爷真的不是反派，不是坏人，明明他那么恨蝶奴，可是男主给他说了以后，他还是饶了那些蝶奴，我们侯爷人很好的,622b14f9000000002102534e,北京小狗狗,https://sns-avatar-qc.xhscdn.com/avatar/1040g2jo31mfavqai5m5g5ohb2jsockqeo2skgo0?imageView2/2/w/120/format/jpg,0,,64baa3380000000019031eb7,1764823049721,48
64baa5dc000000001a0365d1,2023-07-21 15:35:56,,64b95d01000000000c034587,小皇帝就是个小孩子，侯爷太严格了，太后就是个慈母，咱们宝珠公主就是个饱读诗书的大家闺秀，和侯爷天生一对[害羞R],5d36a13e000000001603f6fc,海棠未眠,https://sns-avatar-qc.xhscdn.com/avatar/1040g2jo313c4okgi20405n9mk4v5ntnsecif3a0?imageView2/2/w/120/format/jpg,0,,64baa571000000001d03a242,1764823049749,31
64baa788000000002d01b3bb,2023-07-21 15:43:04,,64b95d01000000000c034587,以后生个孩子，看他咋教[偷笑R],622b14f9000000002102534e,北京小狗狗,https://sns-avatar-qc.xhscdn.com/avatar/1040g2jo31mfavqai5m5g5ohb2jsockqeo2skgo0?imageView2/2/w/120/format/jpg,0,,64baa5dc000000001a0365d1,1764823049770,11
64baacf800000000190328bf,2023-07-21 16:06:16,,64b95d01000000000c034587,哈哈哈哈万一是个女儿呢[害羞R],5d36a13e000000001603f6fc,海棠未眠,https://sns-avatar-qc.xhscdn.com/avatar/1040g2jo313c4okgi20405n9mk4v5ntnsecif3a0?imageView2/2/w/120/format/jpg,0,,64baa788000000002d01b3bb,1764823049793,7
64baaeb3000000002a008925,2023-07-21 16:13:39,,64b95d01000000000c034587,“昨日的功课十个字错了五个”这句台词笑死我了,643fd079000000001400e3c9,用户已注销,https://sns-avatar-qc.xhscdn.com/avatar/645b7f8f2a34639eb26eb1cd.jpg?imageView2/2/w/120/format/jpg,0,,64ba9ec00000000019037bdd,1764823049818,38
64bb22d10000000019032f78,2023-07-22 00:29:05,,64b95d01000000000c034587,他说这句话的时候，不认真看的，还以为他要杀了小皇帝篡位[笑哭R][笑哭R][笑哭R],5d36a13e000000001603f6fc,海棠未眠,https://sns-avatar-qc.xhscdn.com/avatar/1040g2jo313c4okgi20405n9mk4v5ntnsecif3a0?imageView2/2/w/120/format/jpg,0,,64baaeb3000000002a008925,1764823052482,13
64bb4122000000002d01afa2,2023-07-22 02:38:26,,64b95d01000000000c034587,妈呀，我想象的画面萌到我了，你想想公主和小女儿两个人撑着下巴等侯爷回家，侯爷回家左手一个，右手一个啊啊啊啊啊,622b14f9000000002102534e,北京小狗狗,https://sns-avatar-qc.xhscdn.com/avatar/1040g2jo31mfavqai5m5g5ohb2jsockqeo2skgo0?imageView2/2/w/120/format/jpg,0,,64baacf800000000190328bf,1764823052497,19
64bb44ea0000000019034130,2023-07-22 02:54:34,,64b95d01000000000c034587,@导演 曾庆杰 本子在这里[害羞R],5d36a13e000000001603f6fc,海棠未眠,https://sns-avatar-qc.xhscdn.com/avatar/1040g2jo313c4okgi20405n9mk4v5ntnsecif3a0?imageView2/2/w/120/format/jpg,0,,64bb4122000000002d01afa2,1764823052520,3
64c6660f00000000160353d5,2023-07-30 13:30:55,,64b95d01000000000c034587,真的很像[偷笑R],643fd079000000001400e3c9,用户已注销,https://sns-avatar-qc.xhscdn.com/avatar/645b7f8f2a34639eb26eb1cd.jpg?imageView2/2/w/120/format/jpg,0,,64bb22d10000000019032f78,1764823052537,1
64ba6ef2000000002c03b11e,2023-07-21 11:41:38,,64b95d01000000000c034587,是同一个妈生的吗,56684f7f7c5bb87a81c7babf,仙境爱丽丝,https://sns-avatar-qc.xhscdn.com/avatar/58750adf02f37d0277212dad.jpg?imageView2/2/w/120/format/jpg,0,,64b969b1000000001a038561,1764823054562,6
64ba6fce000000001a03bb0a,2023-07-21 11:45:18,,64b95d01000000000c034587,可能吧[失望R],5d36a13e000000001603f6fc,海棠未眠,https://sns-avatar-qc.xhscdn.com/avatar/1040g2jo313c4okgi20405n9mk4v5ntnsecif3a0?imageView2/2/w/120/format/jpg,0,,64ba6ef2000000002c03b11e,1764823055215,33
64bb4424000000002603c8d7,2023-07-22 02:51:16,,64b95d01000000000c034587,老奴的掌上明珠宝珠公主,5573f373c2bdeb660d5bac78,ᅠᅠᅠ,https://sns-avatar-qc.xhscdn.com/avatar/ae351b5abc78ae2e8d79998354db8440.jpg?imageView2/2/w/120/format/jpg,0,,64b969b1000000001a038561,1764823055238,13
64bb9e55000000001a0355e4,2023-07-22 09:16:05,,64b95d01000000000c034587,是老奴的金枝玉叶宝珠公主[大笑R],5c31d03b0000000006015449,小红薯5C3239AB,https://sns-avatar-qc.xhscdn.com/avatar/64422dcebe02708dd36efc27.jpg?imageView2/2/w/120/format/jpg,0,,64bb4424000000002603c8d7,1764823055263,11
64bbb491000000001c014975,2023-07-22 10:50:57,,64b95d01000000000c034587,那换一个，陛下的掌上明珠宝珠公主[doge],5573f373c2bdeb660d5bac78,ᅠᅠᅠ,https://sns-avatar-qc.xhscdn.com/avatar/ae351b5abc78ae2e8d79998354db8440.jpg?imageView2/2/w/120/format/jpg,0,,64bb9e55000000001a0355e4,1764823055283,4
64bbe3600000000029017699,2023-07-22 14:10:40,,64b95d01000000000c034587,哈哈哈[大笑R],5c31d03b0000000006015449,小红薯5C3239AB,https://sns-avatar-qc.xhscdn.com/avatar/64422dcebe02708dd36efc27.jpg?imageView2/2/w/120/format/jpg,0,,64bbb491000000001c014975,1764823055306,1
64bf4444000000001803b1fd,2023-07-25 03:40:52,,64b95d01000000000c034587,应该是同一个爹[笑哭R][笑哭R],5feb3b0d00000000010090cb,正衣冠见良人,https://sns-avatar-qc.xhscdn.com/avatar/1040g2jo30ore0i09je6g5nvb7c6g946bsib4s08?imageView2/2/w/120/format/jpg,0,,64ba6ef2000000002c03b11e,1764823057882,1
64b9d31c000000002c03a37d,2023-07-21 00:36:44,,64b95d01000000000c034587,开先害怕男二，现在发现，根本害怕不起来，妥妥的直男,5d36a13e000000001603f6fc,海棠未眠,https://sns-avatar-qc.xhscdn.com/avatar/1040g2jo313c4okgi20405n9mk4v5ntnsecif3a0?imageView2/2/w/120/format/jpg,0,,64b9d297000000001800a291,1764823059936,80
64bba7c4000000001501f1b0,2023-07-22 09:56:20,,64b95d01000000000c034587,对！导演好会拍，每个人又帅又美的，很古色古香,6461b4e900000000100292de,enenen,https://sns-avatar-qc.xhscdn.com/avatar/1040g2jo313u8bbob2c005p31mjkk54muh3i3c4g?imageView2/2/w/120/format/jpg,0,,64b9d297000000001800a291,1764823060555,4
64cf31b5000000002c02c852,2023-08-06 05:37:57,,64b95d01000000000c034587,而且还很搞笑后面[笑哭R],628245fc0000000021025279,小棠不熬夜,https://sns-avatar-qc.xhscdn.com/avatar/1040g2jo31lqclo1q5e6g5ok28nu8ckjpqtd9na0?imageView2/2/w/120/format/jpg,0,,64b9d31c000000002c03a37d,1764823060586,0
64bc806b000000001900dd4e,2023-07-23 01:20:43,,64b95d01000000000c034587,太后：给给给，全给你，烦死了,63991b2e0000000026012a08,鬓边不是秋海唐,https://sns-avatar-qc.xhscdn.com/avatar/63991b2e0000000026012a08.jpg?imageView2/2/w/120/format/jpg,0,,64b97ae7000000001f032ec5,1764823062624,58
64baad36000000002c033bae,2023-07-21 16:07:18,,64b95d01000000000c034587,啥时候把你安利到的还回来给反馈[笑哭R],5d36a13e000000001603f6fc,海棠未眠,https://sns-avatar-qc.xhscdn.com/avatar/1040g2jo313c4okgi20405n9mk4v5ntnsecif3a0?imageView2/2/w/120/format/jpg,0,,64baac45000000001803bd0e,1764823062650,0
64c09802000000001a03419b,2023-07-26 03:50:26,,64b95d01000000000c034587,姐妹，《古相思曲》也超好看！[飞吻R],5fd98e4a0000000001006278,momo,https://sns-avatar-qc.xhscdn.com/avatar/1040g2jo31osdlda314605nuphp508ojov1gmghg?imageView2/2/w/120/format/jpg,0,,64baac45000000001803bd0e,1764823063231,2
64c8ca370000000016035171,2023-08-01 09:02:47,,64b95d01000000000c034587,古相思曲也好看,62a2d74a000000001b02ba16,南山,https://sns-avatar-qc.xhscdn.com/avatar/1040g2jo30oe55gqci46g5ol2qt56tegmg7ur1t8?imageView2/2/w/120/format/jpg,0,,64c09802000000001a03419b,1764823063258,0
64ba06e800000000290176d7,2023-07-21 04:17:44,,64b95d01000000000c034587,是的，和念念无明一个导演[害羞R],5d36a13e000000001603f6fc,海棠未眠,https://sns-avatar-qc.xhscdn.com/avatar/1040g2jo313c4okgi20405n9mk4v5ntnsecif3a0?imageView2/2/w/120/format/jpg,0,,64ba04c80000000018007077,1764823065289,4
64ba3381000000001a034be5,2023-07-21 07:28:01,,64b95d01000000000c034587,也不算短了，一集二十分钟了,5995647282ec390f5080ce98,洋娃娃和小熊跳舞,https://sns-avatar-qc.xhscdn.com/avatar/1040g2jo31c63ko1hge6g49o5ohi75jko19s96d0?imageView2/2/w/120/format/jpg,0,,64ba06e800000000290176d7,1764823065890,0
64c5d5f00000000019035d4e,2023-07-30 03:16:00,,64b95d01000000000c034587,风月变,5d36a13e000000001603f6fc,海棠未眠,https://sns-avatar-qc.xhscdn.com/avatar/1040g2jo313c4okgi20405n9mk4v5ntnsecif3a0?imageView2/2/w/120/format/jpg,0,,64c5d52e000000001a035836,1764823067927,0
64c5dc93000000002901567b,2023-07-30 03:44:19,,64b95d01000000000c034587,好的，谢谢,5c270a680000000005014e78,遥岑,https://sns-avatar-qc.xhscdn.com/avatar/5c270b7108f9f20001e9625b.jpg?imageView2/2/w/120/format/jpg,0,,64c5d5f00000000019035d4e,1764823068529,0
64ca1c610000000019037f1b,2023-08-02 09:05:37,,64b95d01000000000c034587,短剧，风月变,5d36a13e000000001603f6fc,海棠未眠,https://sns-avatar-qc.xhscdn.com/avatar/1040g2jo313c4okgi20405n9mk4v5ntnsecif3a0?imageView2/2/w/120/format/jpg,0,,64ca1c4c000000001900ebb5,1764823070563,0
