﻿comment_id,create_time,ip_location,aweme_id,content,user_id,sec_uid,short_user_id,user_unique_id,user_signature,nickname,avatar,sub_comment_count,like_count,last_modify_ts,parent_comment_id,pictures
7578352902747996982,2025-11-30 03:19:47,四川,7572124693063623525,美团自己做的孽，资本利益驱使严重垄断市场，变着法的讨好顾客做补贴活动，让商家们在平台上卷，不参与平台的活动就不给你流量曝光，逼得餐饮商家进退两难！希望这次各大平台能卷出新高度格局，这是市场需要！美团千万别投降！,95885286110,MS4wLjABAAAAdu1xYI2i7t9uYretdMvMmQNYDpeEmNZyY1Ad148hqpE,1009191285,,,歌华,https://p3-pc.douyinpic.com/aweme/100x100/aweme-avatar/tos-cn-avt-0015_ee80d9d92f8f8d31a78b8f4d9c05216d.jpeg?from=2064092626,0,0,1764829356974,0,
7572900989285352192,2025-11-15 10:43:34,安徽,7572124693063623525,我是商家，商家赔本赚吆喝（信不信由你），受益的是便宜点外卖的消费者，其实良性循环来说，外卖实际花费应该要比堂食贵的，因为享受了便利的点餐功能和配送到家的服务，结果现在外卖比堂食便宜，导致黑商家超多，真正的良心商家成本越来越高，实体经济越来越差[微笑],105168638579,MS4wLjABAAAAkvbXfgo6_DSz9kna88_TTcOma_rOD5TQeXeO_-55Q2I,1634633392,,,及时行乐,https://p3-pc.douyinpic.com/aweme/100x100/aweme-avatar/tos-cn-avt-0015_fbea566373fac28e7f514ec4033fcf37.jpeg?from=2064092626,4,14,1764829356978,0,
7578884038518293305,2025-12-01 13:40:52,广东,7572124693063623525,美团最大的优势就是有到店自取这个功能便宜 然后饿了么和京东根本没有这个功能。 不然美团啥都不是 饿了么要是知道了这个点 猛攻美团这个要点美团迟早也得下去。,103140476554,MS4wLjABAAAA1BomjL9rDolUEEFwIn-HUobGWKzvqgb3LkgDl08dCFs,2289034073,012345678910da,,明天会更好,https://p3-pc.douyinpic.com/aweme/100x100/aweme-avatar/tos-cn-i-0813_36b5fa0602a7464db9b4c2f814040e66.jpeg?from=2064092626,1,3,1764829356979,0,
7572720937263547185,2025-11-14 23:04:54,江苏,7572124693063623525,京东外卖，之前下完单，商家备餐后，骑手秒接单，昨天晚上点两杯瑞幸，19.50下的单，20.00商家备好了餐，呼叫骑手，一直呼叫到21.00，然后发来一条消息，您的订单瑞幸咖啡暂时无骑手接单，已为您升级VIP通道，并由平台加价召唤骑手，最后21.20才送到[捂脸],63447905806,MS4wLjABAAAA5jMTvbJ00cKoVVoMO0vcC__Cd3zxf8CLHKn0JwwNcMw,136205483,,,越活越孤独,https://p3-pc.douyinpic.com/aweme/100x100/aweme-avatar/mosaic-legacy_282f40005d752bbce1d92.jpeg?from=2064092626,15,20,1764829356980,0,
7572756096688898831,2025-11-15 01:21:21,江苏,7572124693063623525,我们不得不承认的问题是，无产者素质参差不齐，而大多数都是具有小市民的贪小便宜，狭小的胸襟等诸多缺点，竞争者！每个阶级都有相互竞争的关系...智者选择联合赢罢了...所以智者居上！而底层不仅要竞争！还存在叛徒！！！,655767494990749,MS4wLjABAAAA7uDVFAnZm7svdgapSlL-8TyLfQ8w8N7oOczPjAiBIkk,84158552301,84158552301,,小橙子vv,https://p3-pc.douyinpic.com/aweme/100x100/aweme-avatar/tos-cn-avt-0015_46ec23fa81b76842f3ba0668cc6f1453.jpeg?from=2064092626,0,1,1764829356982,0,
7578828572556722970,2025-12-01 10:05:37,浙江,7572124693063623525,哈哈，美团新业务打击京东，京东反击。惊动了沉睡的阿里[捂脸]。,66923164095,MS4wLjABAAAAlNsvjHLZJlHzfR8IUqk0NB1XUuVrCcwJzA5g1EkzuuQ,1251687508,249624980.,,思念,https://p3-pc.douyinpic.com/aweme/100x100/aweme-avatar/tos-cn-i-0813_oIAD8AiHtEB9fxAAe9AAf4iWkHI928VCIA7e9I.jpeg?from=2064092626,0,2,1764829356985,0,
7579524254195516194,2025-12-03 07:05:13,江苏,7572124693063623525,京东最活该，美团惨痛，阿里伤痕累累。抖音与拼多多全胜[赞][赞][赞],3051892663659312,MS4wLjABAAAALjanrP-IZFC9XdCPm6Mn8Kfztz-NnwFzQtKV8HaSKyyc4vvkz1WFux5yq7e1GmlM,3715594834,dywz5uoadpvj,,快乐人生,https://p3-pc.douyinpic.com/aweme/100x100/aweme-avatar/tos-cn-i-0813_oglA4fKhOgf9DIAQA05EAvCDVA8FI6Kgmqs5AH.jpeg?from=2064092626,0,0,1764829356987,0,
7574663229575430970,2025-11-20 04:41:58,广东,7572124693063623525,外卖行业怎么说呢，平台骑手商家消费者，只能有一方获利，消费者便宜了，其他三个就捞不到什么钱，平台抽成贵了，其他三方也难受，最难受的就是骑手[捂脸]反正四方不可能同时获利共赢，必有一方吃亏,3861132126457616,MS4wLjABAAAAQYC0duLkA9I07cINzoXdMCFXN7dR3vQoZtUK38CzEbH_ytdJDuLPd5UXA9TEr12z,3713227839,ly4589160,,.,https://p3-pc.douyinpic.com/aweme/100x100/aweme-avatar/tos-cn-i-0813c000-ce_oYDfAE4A0InFHFFA8ecfAjOQsBAQE9wyVpEZAE.jpeg?from=2064092626,0,1,1764829356987,0,
7579781197255394094,2025-12-03 23:42:19,安徽,7572124693063623525,期望值500亿，但只赚了300亿就是亏了200亿。商家之前一单赚10元，现在赚2元就是亏。所有参加活动的商家没有亏的只是赚多赚少而已。最可怜的是骑手。客户付配送费5元，骑手却只能拿2.8。,2229437205842603,MS4wLjABAAAA05wRtT0mol1-XoOpHtGZIPd-UAsrcyFjnbcJJD7esEWp_8mk1Ih_j-lGxJdxzZnV,2836628320,caomaohaizei25,,caomaohaizei25,https://p3-pc.douyinpic.com/aweme/100x100/aweme-avatar/tos-cn-avt-0015_a53f9ccf9b516c91cc0f45d6aa57fb64.jpeg?from=2064092626,0,0,1764829356987,0,
7572447669131903801,2025-11-14 05:24:28,河南,7572124693063623525,大战之前，平均支付22左右，一单多份大额单经常见。大战时，平均支付13左右，多份拆开用劵下单，单比以前多，平均到手少百分之二三十。这段时间补贴少了，比大站平均支付高三四块，单量骤减。大家习惯了低价，虽然比大战前支付还少，但是消费者习惯了低价。[吐血],68812597602,MS4wLjABAAAAqU_xy8PYnWaJLOhYNsnlIht6CA4ptcT1ie5JPpp_JI0,73721607,Lilong.Imking,,龙记正宗隆江猪脚饭餐饮店官方号,https://p3-pc.douyinpic.com/aweme/100x100/aweme-avatar/tos-cn-avt-0015_d60e27c82056a5efe154eadb031056e9.jpeg?from=2064092626,0,7,1764829356987,0,
7572414537195864884,2025-11-14 03:15:54,吉林,7572124693063623525,同样一份饭线下看不到二十，外卖上点30-40，而且会跟你有券的价格所变动，券大那就更贵，券小那就便宜，最离谱那一次跟我说价格200多然后打1折[憨笑]还加券，实际价格跟线下买没多少区别[捂脸],102135062331,MS4wLjABAAAAg-6Kzu--yKyM3tUn6EV4V9PjSYaaASa3wQHMRgcQG0c,1710346032,,,Mr.燃,https://p3-pc.douyinpic.com/aweme/100x100/aweme-avatar/tos-cn-avt-0015_dff6d1130548c94cfbf3c0e6dcdf469d.jpeg?from=2064092626,0,1,1764829356992,0,
7572470451701269297,2025-11-14 06:52:52,广东,7572124693063623525,上个月有点感觉但不明显，这个月明显感觉外卖大战似乎打完了[摊手]之前买券膨胀能干出满20减15-17，后来满20减10-13，这个月直接满20减8-10[摊手]还不如我领活动的大，那买来干啥？三块不是钱啊？,77562120131,MS4wLjABAAAAmKd0hiZw8_oQ3imY2AMpx3-ctpmFXUx34CX3l_53ROQ,137711658,,,🥱🥱🥱,https://p3-pc.douyinpic.com/aweme/100x100/aweme-avatar/tos-cn-avt-0015_8bfa182b1c22787ea71453aab79fb0db.jpeg?from=2064092626,0,1,1764829356992,0,
7572711419206402875,2025-11-14 22:28:00,广东,7572124693063623525,外卖大战以来，预制菜销量翻了几倍，反而淘汰了现做用新鲜材料的良心店家 ，无良商家为了利润反而会用更便宜的预制菜，这些都进了大家的肚子里面[杀马特],3883088997258780,MS4wLjABAAAA56yxUfKWXdL-dEInqVj4NHHutzQ8IBbBEF2KBz52uDHXmRRb074LNb9MljUR40oV,2806878462,chaowantiand,,潮玩天地,https://p3-pc.douyinpic.com/aweme/100x100/aweme-avatar/tos-cn-i-0813_oEASAfuDBACziAyANciRiEE5TCNIXkEgzueKPA.jpeg?from=2064092626,3,14,1764829356997,0,
7572566704158049060,2025-11-14 13:06:22,山东,7572124693063623525,都说亏，那投进去得钱去那了？？？商家不挣钱，员工也挣不到多少，公司还说亏。。那钱飞了吗？,63857994070,MS4wLjABAAAAhkFROywtiJsXCWXzBSlWOiThuu3slNKom00kqBggLzk,45193320,,,轩_,https://p3-pc.douyinpic.com/aweme/100x100/aweme-avatar/tos-cn-i-0813_843b38285e6841ddbab18290c0d8c938.jpeg?from=2064092626,1,2,1764829356998,0,
7572575887649030947,2025-11-14 13:41:59,江西,7572124693063623525,你这一下说着快递一下说着外卖，一下说东一下说西的[笑哭][笑哭]，我就问你快递的投诉赔偿怎么就变成了外卖的膨胀红包了[笑哭][笑哭][笑哭],2900970615609193,MS4wLjABAAAAJm6bmMK2ZxlyZGCb8n365FMI5BFeqin365L-blZM21H3l4uQXBkzDuC6AkFXu8py,71880773487,71880773487,,毛毛,https://p3-pc.douyinpic.com/aweme/100x100/aweme-avatar/tos-cn-i-0813_oMney6iDnABZsWNwAsWF6tgEBfAAiAAXCCAz3I.jpeg?from=2064092626,1,3,1764829356999,0,
7579194711743857445,2025-12-02 09:46:25,广东,7579151129758469428,但他们竞争的时候我觉得才是正常的价格啊[泣不成声],1115358494201444,MS4wLjABAAAA_dFs82qK4zdkRGrRdHS6CFruy623px4OMiemxmtmGMF3ZfkluS2DiJ8uNWCEvBDz,35331003819,35331003819,,冰舒,https://p3-pc.douyinpic.com/aweme/100x100/aweme-avatar/tos-cn-i-0813c000-ce_ogAd0MEwe2AiHiNqDkeZ1Yf7AQBREEAIpAB0LB.jpeg?from=2064092626,174,14785,1764829364055,0,
7579300166348423973,2025-12-02 16:35:40,江西,7579151129758469428,只要谈到外卖行业亏损，潜在意思就是赚得少了，更多的，甚至赚得根本没有少，而是把赚来的钱做其他事去了，然后把总的开销放在外卖行业上，美其名曰：亏损，这样就有借口减少外卖员工资，增加商家费用，增加客户运送费，反正就不可能亏的，我做了两年外卖员，这种事门清,3635458110141801,MS4wLjABAAAAAgavOmocNORZBpxXc4hxDVqdd15l0PAHKgW8C8U_EjRv1Qt35o3jf_cBUw5GO_Vx,51615726321,51615726321,,蝰蛇的阴霾,https://p3-pc.douyinpic.com/aweme/100x100/aweme-avatar/tos-cn-i-0813c000-ce_o07GBJkPAkAQzAeP6Z8FEfdqIEHfkAQp8gDnBS.jpeg?from=2064092626,4,42,1764829364059,0,
7579876182357066545,2025-12-04 05:50:55,湖北,7579151129758469428,好搞笑 生育补贴才用了三百多亿 人家外卖软件打个仗也没花国库里的钱 叫叫叫叫叫叫叫叫叫叫叫什么呢[暗中观察],62193398060,MS4wLjABAAAA13yr6-R6-Jn-WPS9mhu6UBp9QhfZgr63BooptG_CCPU,39432971,Axu998,,阿胥,https://p3-pc.douyinpic.com/aweme/100x100/aweme-avatar/tos-cn-avt-0015_061eec963b0b782d3ca8af15b605d8a0.jpeg?from=2064092626,0,0,1764829364059,0,
7579875606486631178,2025-12-04 05:48:38,四川,7579151129758469428,看到了吗  吃几天便宜饭 这些资本家闹麻了[微笑],70412428991,MS4wLjABAAAAb2iy9wRYb_zLr9sdwEbSLFzS5P9cJirZg_HVIOWWen4,906484901,,,知名反派.,https://p3-pc.douyinpic.com/aweme/100x100/aweme-avatar/tos-cn-avt-0015_fb62d4a6abf74276076db6d3c78d7899.jpeg?from=2064092626,0,4,1764829364062,0,
7579266629851235109,2025-12-02 14:25:29,湖南,7579151129758469428,其实最应该商战的是联通电信移动[尬笑],59591546969,MS4wLjABAAAAOGx2weZ61p55Mj9qUwW6WM9vnUYH2S7uTAJjfNAqkDA,30142837,,,旺旺小福宝,https://p3-pc.douyinpic.com/aweme/100x100/aweme-avatar/tos-cn-i-0813c000-ce_oElQeiBQeAEkUIAkxsiEODEAoACwc7AaF0ftpA.jpeg?from=2064092626,107,5721,1764829364064,0,
7579210735319991050,2025-12-02 10:48:37,江苏,7579151129758469428,他们亏损？谁会做赔本的买卖，商家抽成到都二十多个点，外卖小哥外卖商家说罚就罚，配送费是商家和客户抽取的，他随便一个卷说的好听他补助，你怎么不问问商家亏损多少？他运营一个平台光是广告费一年多少钱？人得要脸，怎么好意思说他们亏损[尬笑],1251659863048088,MS4wLjABAAAAcggRq_LT3-BGDeA9gyM6aNOaVdmH9wAFKpNMyToAFPZ5FGELZavH0_JNfmDgYsTa,47687483801,47687483801,,名字太长记不清,https://p3-pc.douyinpic.com/aweme/100x100/aweme-avatar/aweme_default_avatar.png.jpeg?from=2064092626,2,18,1764829364064,0,
7579878184246706990,2025-12-04 05:58:38,湖北,7579151129758469428,切[灵机一动]美团还亏损呢不敢相信呀,2832792378161095,MS4wLjABAAAAcbYT6T5hWvVUnDOCddVvKMMBNO9r_7GoQVG22GSz2_PFIW6gSNT2glQ10_RFi1aB,38149508720,38149508720,,艳儿很好,https://p3-pc.douyinpic.com/aweme/100x100/aweme-avatar/tos-cn-i-0813_osFAIIljSibbyAajKraSPzJIABPAAioEnFQBA.jpeg?from=2064092626,0,0,1764829364067,0,
7579276526991885056,2025-12-02 15:03:55,广西,7579151129758469428,客户实付22，商家到手7块多、客户感觉付20多要吃点好的、商家感觉到手7块多只能吃这么点、中间15左右的平台抽成、你感觉谁不赚钱、都是虚假报表、你们觉得呢？我不说哪个平台这么黑了、自己体会[鼓掌],100728721799,MS4wLjABAAAA5ZXZOoz-17CGx8SkfKgO5t_9jf2lAnwNcgS_Wp7mlsI,1092109546,,,用户6505926395975,https://p3-pc.douyinpic.com/aweme/100x100/aweme-avatar/aweme_default_avatar.png.jpeg?from=2064092626,0,22,1764829364067,0,
7579876207212053275,2025-12-04 05:50:59,江苏,7579151129758469428,美团连续半个月每天给我一张15-15我可爱死了[偷笑],79582546076,MS4wLjABAAAAust7rKU57Sx-Q0ybHUENRDkjBBSAiSS4h3v99np-Lbo,268112591,CountdownnDay.06,,祺时,https://p3-pc.douyinpic.com/aweme/100x100/aweme-avatar/tos-cn-avt-0015_7639bd14fcc98ab5042a02bb45e356eb.jpeg?from=2064092626,0,3,1764829364069,0,
7579883737522406194,2025-12-04 06:20:12,内蒙古,7579151129758469428,我不信美团亏钱 ！,58541242482,MS4wLjABAAAADg2cPMYKpXITmMEGJBpf4LY6x-9sV-d8RWyoZjkZqMM,24284325,97541400H,,郝鑫鑫,https://p3-pc.douyinpic.com/aweme/100x100/aweme-avatar/tos-cn-avt-0015_8625f9c2dc7aa86caa627a1af105e32f.jpeg?from=2064092626,0,0,1764829364070,0,
7579401929618539322,2025-12-02 23:10:37,湖北,7579151129758469428,他到底亏在哪了，我看现在外卖平台上面的东西原价都贵的要命，用券之后才是正常的价格，我这边有家桥头排骨，我线下买一份中份的15，同一家点的外卖用券了才15，原价三十多[憨笑][憨笑][憨笑],2493291150188317,MS4wLjABAAAAt49gFr6gynRLRTbCJTFnmNpyC9FA1mwA1MiblkxNB_gKuMkAZG-l8zNhK0m7RCMS,2343609676,JiangHu20Camelli,,风牙,https://p3-pc.douyinpic.com/aweme/100x100/aweme-avatar/tos-cn-i-0813c000-ce_oQqJAUQI7WfDuEcFgj8SxfEaFBA7BAe4NlUlAE.jpeg?from=2064092626,3,11,1764829364071,0,
7579215315319505713,2025-12-02 11:06:23,浙江,7579151129758469428,这是他们烧的吗，是商家补的，拉着商家干。现在还弄出个15分钟送达，这是一种谋杀，逼着起诉超速闯红灯。不过你们做办公室的不会体会，规章制度超时罚款顾客退款，是这健康的产业链吗，是剥削、剥夺，是犯罪，幕后杀手,58926383440,MS4wLjABAAAAVAM2U0ZYGUhJz8I9B_zNuyiFuFGkbK2LtgzovdEuhWw,1604911122,,,伊戈·贤桑贤世,https://p3-pc.douyinpic.com/aweme/100x100/aweme-avatar/tos-cn-avt-0015_a588811b17e100a3942a7814d8556b1f.jpeg?from=2064092626,0,12,1764829364072,0,
7579207392182797082,2025-12-02 10:35:38,河南,7579151129758469428,美团是不可能亏损的，就像国企某油一样，一部分吃红利的人群，另一部分被美团吃，我就点两碗粥两个包子还买了美团膨胀红包，还要我支付20块钱，线下买才12.5块钱，外卖商家实际到账10块钱，配送费就几毛钱，我离商家才几百米，美团几乎拿了整整10块钱[微笑][微笑][微笑]再也不点了[发怒][发怒][发怒],75179097300,MS4wLjABAAAAObCwpjlauYJY67TXrxWE4J7GXZsKbjfge7AMykrl3e4,120304550,95179097300,,刘西伯,https://p3-pc.douyinpic.com/aweme/100x100/aweme-avatar/tos-cn-avt-0015_c915a2be9b1635de3c77b7949e42e436.jpeg?from=2064092626,2,27,1764829364073,0,
7579425986371945251,2025-12-03 00:43:56,陕西,7579151129758469428,三家花了800亿太少了，三家国内顶级企业才800亿，还是人民币，不是美元。美国顶级企业出手，应该都是万亿级别的，八万亿还差不多。三家这八百亿一个季度就又赚回来了，可能还有结余。,101471009919,MS4wLjABAAAAV2ojuuKdIr3eGRs5vnbUkazBvDo_kPdo3PTbXGI6nlg,1137774987,,,那一年,https://p3-pc.douyinpic.com/aweme/100x100/aweme-avatar/tos-cn-i-0813c001_ocLAopABAfc3ACCAbyMYecgAnhEzNAYzIJc7A5.jpeg?from=2064092626,1,5,1764829364076,0,
7579357788109210405,2025-12-02 20:19:25,海南,7579151129758469428,三大平台死的是商家！三大平台亏损什么？商家卖个粉平台收25块，到店吃才15。 外卖商家收到手才8块。这钱去哪了外卖小哥赚了吗？国家一定要管管！实体店做不了，上线比实体店更惨！坑的就是商家[感谢][感谢][感谢][感谢][感谢][感谢][感谢][感谢][感谢][感谢][感谢][感谢],94316902432,MS4wLjABAAAAvUww_hZ3HFEyEjozQw05bPrsWYbyrAzAaQetNatz_8M,391772227,,,张运旭,https://p3-pc.douyinpic.com/aweme/100x100/aweme-avatar/mosaic-legacy_bdc00004f67d6ee6aa4e.jpeg?from=2064092626,0,5,1764829364079,0,
7536953403907408659,2025-08-10 13:48:38,贵州,7536899670698675494,反正我作为消费者，我少花钱了[赞],4151384072272960,MS4wLjABAAAAET7i4SboFmzFxrkJI3AI669mvODDHzlvvYdB1nrkZOZmYz9tFy9_dMPbU_1JXS8U,3922094011,qa522730198,,班不开,https://p3-pc.douyinpic.com/aweme/100x100/aweme-avatar/tos-cn-i-0813c000-ce_o0eEljhAAgnBJG0jAAAe9ufnATEisEi0wEIIw1.jpeg?from=2064092626,0,43272,1764829371196,0,
7536979293055583014,2025-08-10 15:29:03,四川,7536899670698675494,什么?一会儿显示卖100688.27，一会儿又变成了102433.93。能不能严谨点?前后数据对不上怎么回事?卖牛腩饭的，商家单均收入24块2，毛利率缺只有23%?净利率23%，我还能相信一下。欺负我们没买过牛腩?,694489714536915,MS4wLjABAAAAZSpQp90DXoLVnM6cRGMlWcmvSMHbigRASBii-J84y64,3459803769,dykaa3bl0rr2,,王老板外卖创业日记,https://p3-pc.douyinpic.com/aweme/100x100/aweme-avatar/tos-cn-i-0813c001_oYfAR5fPAEyBvdaQ7YkEBAT1IIgOQALlABAMeG.jpeg?from=2064092626,0,39,1764829371196,0,
7537731873582252860,2025-08-12 16:09:27,重庆,7536899670698675494,消费者占到的便宜是：平台对商户的剥削+商户恶性竞争牺牲的利润，消费者的视角是鹬蚌相争买家便宜了，而最大的牺牲者商户因薄利加剧剥削员工，而员工又是外卖的主要消费者。,71334276256,MS4wLjABAAAAr6woLqXl-Yo3UKQ7xt-zJxMdphMjsUIPH35JYgkGtPY,87833058,,,渝城馔客,https://p3-pc.douyinpic.com/aweme/100x100/aweme-avatar/mosaic-legacy_1b5aa0003a7df79aecaa1.jpeg?from=2064092626,0,122,1764829371200,0,
7536916758868673332,2025-08-10 11:26:26,山东,7536899670698675494,反正顾客都是短视的，反正平台经济受国家保护，反正商家没有自主定价权。,61358922178,MS4wLjABAAAAh2BPn7mEqkPAtmMn4nj7p1efstCOp7N8CQsAFFv4o_0,22652333,buerguandian,,副业赚钱,https://p3-pc.douyinpic.com/aweme/100x100/aweme-avatar/douyin-user-file_5bb753b0dd05c191069d4d6ca91311a3.jpeg?from=2064092626,0,568,1764829371204,0,
7536901165763085094,2025-08-10 10:25:52,广东,7536899670698675494,关闭线上不就好了，怪平台干嘛[发呆][发呆][发呆],84670472667,MS4wLjABAAAAYwTi7uRnPV4Jt-1Qnu9E3L0tSJiQg9cCM-3U5aa6L5s,188053424,,,碌碌无为,https://p3-pc.douyinpic.com/aweme/100x100/aweme-avatar/tos-cn-i-0813c001_oQCEEI3QAAoqB3oS7Ff4bPDE5AFbREBxRAeeAK.jpeg?from=2064092626,1,95,1764829371204,0,
7536900924603106082,2025-08-10 10:24:57,四川,7536899670698675494,商家难啊，平台补贴为什么要让商家买单,96891079291,MS4wLjABAAAAJcm1J3IfyWE8TiH0GhA7vByf-ZPpF3_uSA3ar14dQ2s,832026484,ADTW222222,,兰子 (╯﹏╰）,https://p3-pc.douyinpic.com/aweme/100x100/aweme-avatar/tos-cn-avt-0015_19e46108bb8ea7eb5476a1344b7c05d0.jpeg?from=2064092626,1,522,1764829371207,0,
7536902326805693222,2025-08-10 10:30:23,山东,7536899670698675494,不做不就行了？非得成为app的商家？[看][看][看],152165415396483,MS4wLjABAAAAdcrIhaeNrEEZUrbJNXLz5BYXv0JL3j7bUYQ7EH8Ccos,24971114584,24971114584,,貔貅🥳🥳,https://p3-pc.douyinpic.com/aweme/100x100/aweme-avatar/tos-cn-i-0813_oQW7eSIF6ArOpJEUBb1LL3AIGeAeLBALnEARSQ.jpeg?from=2064092626,0,121,1764829371209,0,
7536902190900790056,2025-08-10 10:29:53,浙江,7536899670698675494,奶茶成本5-6元？？？,73587266678,MS4wLjABAAAAs2cyk-Y5BoqrwGYAqEhLZJAgn9QkMC9A2W-NjcC8dPg,372626224,,,不常上路的旅行家,https://p3-pc.douyinpic.com/aweme/100x100/aweme-avatar/tos-cn-avt-0015_5838349dc4fff8bb2b975036b7194fb8.jpeg?from=2064092626,2,2590,1764829371210,0,
7536900845293847356,2025-08-10 10:24:39,广东,7536899670698675494,外卖平台吃俩头[尬笑][尬笑][尬笑],61711686088,MS4wLjABAAAAjCTLxk6M3MyCp2LlXuqeHWFSHyhWVm3NJoWhIx37IpY,22258411,,,笙歌初寒夜未央,https://p3-pc.douyinpic.com/aweme/100x100/aweme-avatar/tos-cn-avt-0015_967ac4a568a75c6361782262a244ffe3.jpeg?from=2064092626,0,2067,1764829371212,0,
7536977640298103552,2025-08-10 15:22:40,上海,7536899670698675494,补贴不应该是给客户补贴吗？正常来说商家该赚多少就是多少啊，所以百亿补贴的意思是拿商家的钱补贴客户？,101088903614,MS4wLjABAAAAU63CkAMXz99tWav3Lzgrus2UJbKWDlTuBtKLZi_b0P4,1393276997,Quhuan158,,魔都SHA飞机哥✈️,https://p3-pc.douyinpic.com/aweme/100x100/aweme-avatar/tos-cn-avt-0015_9d332195db5c3bcf6b8d7ee6c4cc6c76.jpeg?from=2064092626,0,3904,1764829371212,0,
7536901054869734201,2025-08-10 10:25:27,湖南,7536899670698675494,资本雪球越卷越大，苦了赚辛苦钱的,2489744478443821,MS4wLjABAAAArw6c2iePgPPSDf9v0krmhjaNxDTQ9H3ifDpkXY73qKPxHgcuK1CgBMenqrmBcMJK,81651143211,81651143211,,iiiu,https://p3-pc.douyinpic.com/aweme/100x100/aweme-avatar/tos-cn-i-0813_bc46873bc12942eb90664297e7c81ad4.jpeg?from=2064092626,1,4403,1764829371212,0,
7536900395772756796,2025-08-10 10:22:53,河南,7536899670698675494,三国打仗，最后坑的都是商家。,73585594701,MS4wLjABAAAAZpTAABwuVOYafBPOsKgvP7dGuL3p1vDxMntaiS57qWU,134772093,,,聆听者\_,https://p3-pc.douyinpic.com/aweme/100x100/aweme-avatar/tos-cn-i-0813_d16cbb00ad23465b86ad235608f24639.jpeg?from=2064092626,1,162,1764829371212,0,
7536900805430919993,2025-08-10 10:24:29,河南,7536899670698675494,平台把商家坑惨了，饿了么最过分,1702522614463383,MS4wLjABAAAAs3hlU_RvBT7XAm17WQx9TBjhjwTou_3xpVKetfsfL4plTtiKwOqXBe6O9xVmILrY,35432749826,35432749826,,随心~,https://p3-pc.douyinpic.com/aweme/100x100/aweme-avatar/tos-cn-avt-0015_6bd991e155d2455a2701bb2fdcabd295.jpeg?from=2064092626,2,696,1764829371212,0,
7536901359108195131,2025-08-10 10:26:37,福建,7536899670698675494,你家奶茶一杯成本5-6元？,70192563136,MS4wLjABAAAAHze5QE1jkOKIDb65dGYno5fB-tKFxUi5Su5-NpES4ns,80480810,Hzib95,,深海呀,https://p3-pc.douyinpic.com/aweme/100x100/aweme-avatar/tos-cn-avt-0015_f48ec5be8dd536eb0808a6b8f6c15559.jpeg?from=2064092626,0,220,1764829371219,0,
7536936795763049274,2025-08-10 12:44:07,江苏,7536899670698675494,最后谁赚了,67402910330,MS4wLjABAAAA6CvHvwoIGh8gP25QfBCVMGrel5izNIYP_fr6nQ5x6kY,97757839,xkk88886666,,泽佰博餐饮小吃技术指导,https://p3-pc.douyinpic.com/aweme/100x100/aweme-avatar/tos-cn-avt-0015_2f28974ce6e0968682e3b3dfc3f6ad6b.jpeg?from=2064092626,2,13662,1764829371222,0,
7526190127489598248,2025-07-12 13:41:37,江西,7526136338526080294,全能选手，申请出战,446838518585289,MS4wLjABAAAABNnMqNyoz-8AmzPEBiYYiGPt6ZLr0FyFK9ruymLVFwA,89554523543,89554523543,,无相,https://p3-pc.douyinpic.com/aweme/100x100/aweme-avatar/tos-cn-i-0813_ok0mA5ZWIACZCm9AEyAw5AAAAeimXDfDYgoB0i.jpeg?from=2064092626,251,5269,1764829378288,0,https://p11-sign.douyinpic.com/tos-cn-i-p14lwwcsbr/19f8881394fd4eb8a6d163c789161feb~tplv-p14lwwcsbr-7.image?lk3s=7b078dd2&x-expires=1764849600&x-signature=L7%2FuLay47buSKS6lnWVlRJdlBqM%3D&from=2064092626&se=false&sc=image&biz_tag=aweme_comment&l=202512041422570AEC24691398D580DB87
7526197919142740776,2025-07-12 14:11:49,安徽,7526136338526080294,全世界就我一个没有0元购[微笑][微笑][微笑],54874123047,MS4wLjABAAAAfoSaHh69tnhjSO0ckY9JaSlOH7Iq1Mf_OV8yKQep5xs,279442164,,,丸子吖！,https://p3-pc.douyinpic.com/aweme/100x100/aweme-avatar/tos-cn-i-0813c001_okAQAIhA7v7IQAGexA8cBRfH3ebGBELzEolBSA.jpeg?from=2064092626,217,2278,1764829378288,0,
7526186634687398716,2025-07-12 13:28:02,江苏,7526136338526080294,为什么，我三个APP都翻烂了 一杯免费的都没,75596953115,MS4wLjABAAAA39ZPPNpZj1abYckLgSNKAkbcCdWBmBYgvbTgh6dDFEw,123861452,,,泡芙超甜呀🧸,https://p3-pc.douyinpic.com/aweme/100x100/aweme-avatar/tos-cn-avt-0015_b4c6bf559765b70ced8ee7eebf209479.jpeg?from=2064092626,456,2268,1764829378292,0,
7526149063147225908,2025-07-12 11:02:16,河北,7526136338526080294,课代表总结:1.增强用户粘性  2.引流  3.花小钱办大事  4.改变用户消费习惯  5.放长线钓大鱼,4441627999871352,MS4wLjABAAAAPzkA4rq3ovKIom7fMrFOqLvvM5iLqJp2a9wyx1E1KiCmvuVdt7nYfAdOwTpMaeIU,3594908602,dys654sl0i1h,,用户4100162520783,https://p3-pc.douyinpic.com/aweme/100x100/aweme-avatar/tos-cn-i-0813c001_oEayvAAb4EIH8BgzoGinPiBAIPTsAiqgJH7HA.jpeg?from=2064092626,8,420,1764829378292,0,
7526206386809652006,2025-07-12 14:44:40,广西,7526136338526080294,自从进群了奶茶喝不完谁懂[流泪][流泪][流泪],67207543220,MS4wLjABAAAAZR4tJkgE0Und-Q-gLY_gSlN7u_39SF6E1lvMmN0u5cg,173544502,huangyangyangmei,,此生繁华相见,https://p3-pc.douyinpic.com/aweme/100x100/aweme-avatar/tos-cn-avt-0015_d4909cbbec1735901378bba935f9df20.jpeg?from=2064092626,301,305,1764829378293,0,
7526239283725763368,2025-07-12 16:52:27,四川,7526136338526080294,0元购已经开始了，没找到组织的，扣1就拉,66996288187,MS4wLjABAAAAs_ELRSy8TUzuh8lMaeUFraMfoFPpcHD7SG6NNh_Sabc,62665012,xal9159,,🌈登ber登登,https://p3-pc.douyinpic.com/aweme/100x100/aweme-avatar/tos-cn-avt-0015_d4e74b3cb6e75f5c5a592f5e914f07e5.jpeg?from=2064092626,479,298,1764829378294,0,
7526253944579277625,2025-07-12 17:49:21,广东,7526136338526080294,我劝大家不要乱加人乱进群，这背后不知道有什么坑等着你们，直接自己领卷就可以，不需要什么链接和其他APP，听话[炸弹],3633238058994343,MS4wLjABAAAA9l4eHZPghyu20nHxyUZVmyI958Fd4UItk2k33FspB4OBHFJbb5PhLA_44vUwmEjK,42510318299,01236666...,,萧萧,https://p3-pc.douyinpic.com/aweme/100x100/aweme-avatar/tos-cn-avt-0015_470fa3bda71abdf2364fa6639d89fb74.jpeg?from=2064092626,13,291,1764829378298,0,
7526178212851237641,2025-07-12 12:55:20,广东,7526136338526080294,0元购好几天了,50375040598,MS4wLjABAAAAJQBf7j5w34Ur0g4YqMO9d6a0JkP9SNpg_bQBJaTegLM,40679599,Yangjun_2026,,路亚翘嘴,https://p3-pc.douyinpic.com/aweme/100x100/aweme-avatar/tos-cn-i-0813_o8ApAeXrGBCSLABB3lINpfQuUEEgAAcAqe7ctA.jpeg?from=2064092626,128,258,1764829378299,0,https://p3-sign.douyinpic.com/tos-cn-i-p14lwwcsbr/61a9dd89b7414f5cbbd9cea91e7b4cf4~tplv-p14lwwcsbr-7.image?lk3s=7b078dd2&x-expires=1764849600&x-signature=NxKykhSBurA6eQnJsA0Az%2FJLlqI%3D&from=2064092626&se=false&sc=image&biz_tag=aweme_comment&l=202512041422570AEC24691398D580DB87
7526189745698882362,2025-07-12 13:40:06,湖北,7526136338526080294,全网都喝到了三大平台大赞的免费奶茶，就是我没喝到吗？你们都怎么搞的呀？教教我。,69242665611,MS4wLjABAAAAXETrL5AUJFESGSfg4GYpRPMdvpt1SMNurMPmFVCPg1U,74945115,Cxt5201314Cjq,,怪气小仙女🧚,https://p3-pc.douyinpic.com/aweme/100x100/aweme-avatar/tos-cn-avt-0015_254e64065e9a42938da6895c48c85810.jpeg?from=2064092626,50,225,1764829378300,0,
7526230069959181106,2025-07-12 16:16:36,山东,7526136338526080294,0元购已经开始了，没找到组织的，扣1就拉,1665103724819024,MS4wLjABAAAAyqUN7lvTj7TzDxxY_PO_blbuKFW6C5YJkxb41xflh--f4YrHi9MfnHeNsP-ftIhI,44695980205,LXY2164,,甜柚,https://p3-pc.douyinpic.com/aweme/100x100/aweme-avatar/tos-cn-i-0813c001_oYDEN7wwEf6BEkoExRaDfBl78GAFAAeAAEINIo.jpeg?from=2064092626,561,213,1764829378301,0,
7526170632301445926,2025-07-12 12:25:57,陕西,7526136338526080294,免费把人往透析室送[尬笑],87189290282,MS4wLjABAAAAeJ-NxktlkNVWNXBJs0ra72bEh367EsgbtEXdArE6osQ,213918528,3349676xxl,,🐮🐴life,https://p3-pc.douyinpic.com/aweme/100x100/aweme-avatar/tos-cn-i-0813c001_okDI0Qf4AA2wCrhf2LejfhGIuA0zoIDksAlXAp.jpeg?from=2064092626,19,205,1764829378302,0,
7526235057011704634,2025-07-12 16:35:59,浙江,7526136338526080294,明天外卖大战更疯狂！！有什么消息群里第一时间发，现在人少，扣1直接拉！！[舔屏],2647239482149784,MS4wLjABAAAAnjTyPXWqVMV428IdcxBAG2Oi8S74yMc5rYDcIQBthVv5wga_9Se0wEDw0kJACc7I,3584383549,11280520aqx,,小易有困了.,https://p3-pc.douyinpic.com/aweme/100x100/aweme-avatar/tos-cn-avt-0015_9c86fdc8a494bb70a79f1dc598ceed69.jpeg?from=2064092626,433,200,1764829378306,0,
7526209966618542875,2025-07-12 14:58:35,四川,7526136338526080294,有人到目前一杯奶茶没点吗[看],1412208347057160,MS4wLjABAAAAGbz9ud5xmv9d-UgNrmm9NmlATXuCc1FYmgAGQilFJHUV4NafQG36DVY9NXPT3Q7c,65718340252,65718340252,,好运降凌赫气生财,https://p3-pc.douyinpic.com/aweme/100x100/aweme-avatar/tos-cn-i-0813c001_okDFADGoQCywHIE5ef9cAjqAyngmrgHrAtAAFn.jpeg?from=2064092626,34,157,1764829378313,0,
7526347361871708991,2025-07-12 23:51:51,广东,7526136338526080294,"你们真的没有群吗，我真的天天喝吐了
我一个一个拉，主动发消息给窝，我现在可闲了[泪奔]，不墨迹[泪奔]",3002122675960010,MS4wLjABAAAAjzVeBY-0vyL7cX5AB36wlY-uB38IZpWcMzkrZiqe-oV2x2j76Kpa88ypyfqW7GJo,73173545107,73173545107,,葡萄啵啵,https://p3-pc.douyinpic.com/aweme/100x100/aweme-avatar/tos-cn-avt-0015_b490b16728943d6904d21f1fb8286e8b.jpeg?from=2064092626,349,150,1764829378316,0,
7526194305742406460,2025-07-12 13:57:48,上海,7526136338526080294,我就纳闷了，网上到处都在说免费奶茶，现实中怎么一个都没看到,76052494968,MS4wLjABAAAAj5AZhnviyh03YKGxO4vPHUbdWv1-tEJj2OY9qw6DzE8,1056206088,,,忆丶,https://p3-pc.douyinpic.com/aweme/100x100/aweme-avatar/tos-cn-avt-0015_ce7d1728cbaf969e94d434ca709ba78c.jpeg?from=2064092626,56,145,1764829378317,0,
7530056118963733248,2025-07-22 23:43:52,安徽,7526010690348371251,还有没吃上的吗，扣1拉你们,4459207451740557,MS4wLjABAAAA4A7zDvhMuISY1WmoqGY6mre858mWaDvmpiHrXOoZm3v5d22p7MFSl_0lXznolOyQ,3056930361,ne70989,,想有吃不完的巧克力,https://p3-pc.douyinpic.com/aweme/100x100/aweme-avatar/douyin-user-image-file_e586540f828630b959c2f5c97eef37c7.jpeg?from=2064092626,1,2,1764829385427,0,
7535690431327437594,2025-08-07 04:07:36,河南,7526010690348371251,不会的免费教,61175849942,MS4wLjABAAAAWD7To1e5bDCdf9_Qdug3AnzdNgzeb-i_b-np-zE60mU,18390167,2548906868z,,就那样,https://p3-pc.douyinpic.com/aweme/100x100/aweme-avatar/tos-cn-avt-0015_67a8b3be64a29a05f9edd64211099e12.jpeg?from=2064092626,1,0,1764829385428,0,
7527116391927218983,2025-07-15 01:36:00,安徽,7526010690348371251,[赞][赞][赞],4406440619156024,MS4wLjABAAAASE39Vtvp93BrKx_WWajpC-RDM_f-2WwDa8j3RNqe4nP-Vo62I8oQYt4Fo8iyBYWW,3877309388,sainahepan52,,鹊渚河畔,https://p3-pc.douyinpic.com/aweme/100x100/aweme-avatar/tos-cn-i-0813_516836c93ef34c95b20a9e13ba8c41d1.jpeg?from=2064092626,0,0,1764829385428,0,
7526939550637441792,2025-07-14 14:09:45,广东,7526010690348371251,1,56266366101,MS4wLjABAAAADAc375s9V6ArBIQ8Ih_iZWiXvOVQ7HyWAcvawBH4jqM,829180251,,,岁月无声,https://p3-pc.douyinpic.com/aweme/100x100/aweme-avatar/tos-cn-i-0813_ocVI1ECAPAVgxCxwAaUALPWgcAtXiiKzIFByw.jpeg?from=2064092626,0,0,1764829385432,0,
7528367953223140142,2025-07-18 10:32:39,浙江,7526010690348371251,不会还有人没有组织吧[泣不成声][泣不成声],3558479149927432,MS4wLjABAAAA1HntSLOADQCpeSkNaAvIiNX20gBdPNItjn2PF_eKhc4eAyO3kmZmc9N8N-orRTH-,60944653027,60944653027,,外卖羊毛（回关拉外卖裙）,https://p3-pc.douyinpic.com/aweme/100x100/aweme-avatar/tos-cn-i-0813_oMAsAPQpBAB0iALAKzinctEiOCCIpWzgzieheA.jpeg?from=2064092626,1,1,1764829385432,0,
7528740150366028544,2025-07-19 10:37:01,河北,7526010690348371251,谁要 我拉你们,4204948375743911,MS4wLjABAAAAc0ejtPVhCN_WX40YHWo7jE5X9Cs1SWi3Hxh-kQ_hHQVIQXl3AgAQWeYzXSqr-rZU,4090279456,dyf2ad3w0and,,蛋挞蛋挞,https://p3-pc.douyinpic.com/aweme/100x100/aweme-avatar/tos-cn-avt-0015_0d53e4f4bb2d0d948510a98684c8f4dd.jpeg?from=2064092626,1,2,1764829385434,0,
7527102713177801535,2025-07-15 00:43:00,河南,7526010690348371251,美团大漂亮、京东小太阳、饿了么大俄,97028317775,MS4wLjABAAAALdCrtBQJyJJts7drlWqFNkIN1Lh73n9tICCtk8AVkfo,835643778,,,春夏秋冬,https://p3-pc.douyinpic.com/aweme/100x100/aweme-avatar/tos-cn-i-0813_1dbc4737fe52402592119fa8e209ac5c.jpeg?from=2064092626,0,1,1764829385436,0,
7526835094507422522,2025-07-14 07:24:24,上海,7526010690348371251,不是吧不是吧，你们真的没有群吗，扣1的我都拉[抓狂],96131752793,MS4wLjABAAAAb-p28BcUIN-GHTVN22Od8Z7WLwZ7V8N1cz_LdXjdFMY,630067693,Xue543_xx,,非主流.,https://p3-pc.douyinpic.com/aweme/100x100/aweme-avatar/tos-cn-avt-0015_db0aee7cc53eb0a9adda8b474526bfb0.jpeg?from=2064092626,9,6,1764829385437,0,
7528616534357672714,2025-07-19 02:37:17,上海,7526010690348371251,我就是骑手，骑手日赚1700元，开玩笑吧。一天挣个200块都辛苦的很。,62497663452,MS4wLjABAAAAY-6Gem29n7HeP4z3Adw7sWOSHf8ZqwhthpAboauLjPI,1032073697,,,小红帽的火柴君,https://p3-pc.douyinpic.com/aweme/100x100/aweme-avatar/tos-cn-i-0813c001_oEETIABA77epAhDQ8FBNfG2atx4BIEAAEveEE1.jpeg?from=2064092626,0,7,1764829385437,0,
7526779396751131434,2025-07-14 03:48:18,辽宁,7526010690348371251,我怎么找不到群,248965762398003,MS4wLjABAAAAqCpwOxFN0iSAJ8lT0hFubZrh-pIpF2ec4dk5m6rvJ_Y,96442015779,96442015779,,大大怪✔,https://p3-pc.douyinpic.com/aweme/100x100/aweme-avatar/tos-cn-i-0813c001_ow9zfCVMCAFAoD5wEAAOhtN3CXerlIAFwAn9gl.jpeg?from=2064092626,1,0,1764829385437,0,
7527162926068155195,2025-07-15 04:36:32,河北,7526010690348371251,@吃不胖很漂亮八方来财小富婆💓 [呲牙],87271062103,MS4wLjABAAAAgcGpIo0dvc5KL_5vnMeDQECCsNZgjKeFge5rwCy3Ue4,383301965,,,平常男,https://p3-pc.douyinpic.com/aweme/100x100/aweme-avatar/tos-cn-avt-0015_81f3ed5c7a9d02978f6fb81150f6c577.jpeg?from=2064092626,1,0,1764829385437,0,
7528179871836586790,2025-07-17 22:22:52,上海,7526010690348371251,中小型商户伤不起,79341652210,MS4wLjABAAAAwACq8Kf2r4HQbdqT0JGE54Genw62SQWkqLJqaKEBSKE,148381263,shanghaijilin666,,抖出最强音,https://p3-pc.douyinpic.com/aweme/100x100/aweme-avatar/tos-cn-i-0813_o8rk7AV8tNA4diIzDfivACgkrcVAy3EOeAB6AT.jpeg?from=2064092626,0,0,1764829385444,0,
7526890876937798459,2025-07-14 11:00:50,贵州,7526010690348371251,在这样下去 他们倒是毫发无伤 可是我们体重[抠鼻],84369693955,MS4wLjABAAAAX9dSYKgifCu3aDozeNKdGGGt1Fj6yzwLeNM6Kbn3X20,185392032,0407ting,,荔枝雾绵气泡水,https://p3-pc.douyinpic.com/aweme/100x100/aweme-avatar/tos-cn-avt-0015_b3ce01aa02739025ab4e5d81679f61e1.jpeg?from=2064092626,0,2,1764829385444,0,
7527135583144608564,2025-07-15 02:50:27,上海,7526010690348371251,我,4136804871310532,MS4wLjABAAAA8H7HFz_9HHkpgI2B1dqJCi-xkEiNlNY2y7AyqgB4vl1JuV0F0lydJ13EWHZrDbWf,66430477939,66430477939,,嘉怡,https://p3-pc.douyinpic.com/aweme/100x100/aweme-avatar/tos-cn-i-0813_ogFDZAtngAfdAvOAExqkE9gCN0EfQhrAAH4gID.jpeg?from=2064092626,0,0,1764829385444,0,
7526723421826073353,2025-07-14 00:11:07,江苏,7526010690348371251,[赞][赞][赞],3306972919631111,MS4wLjABAAAAF7uNJuNggvUrG51mtKYHibyZKUZS-CEMsvpj4sHp2bbG59tiumRdDBOamVqT2BtT,3966816190,dy00x5hbvjcx,,若遇浅香,https://p3-pc.douyinpic.com/aweme/100x100/aweme-avatar/tos-cn-avt-0015_712a955e86e3c9707db001dae1084dec.jpeg?from=2064092626,0,0,1764829385444,0,
7524795069233578778,2025-07-08 19:28:14,北京,7524760970934226202,我确实开始用闪购了[宕机],60316741250,MS4wLjABAAAA_4TF3FyZhPu3xbvmJx1f_rNGYBqgU0iC6U7IKSXN-6Y,150942200,,,🫧棉花糖芯有泡泡。,https://p3-pc.douyinpic.com/aweme/100x100/aweme-avatar/tos-cn-avt-0015_afcc03adf5ccdb26f9b25cd60b82ea8b.jpeg?from=2064092626,1200,65727,1764829392594,0,
7524893830622200611,2025-07-09 01:51:19,广东,7524760970934226202,我开始用闪购了，暂时放弃美团[尬笑],74690068708,MS4wLjABAAAAl_-VjfkACi7m6NKWK8qMyMwqJoR1_oJEO6R0ILnXky8,116645089,,,嘉言,https://p3-pc.douyinpic.com/aweme/100x100/aweme-avatar/tos-cn-i-0813c001_o4dIjAFB7I8Aca9fpAEACfDQA40FEBPeEAyn6O.jpeg?from=2064092626,458,14169,1764829392597,0,
7524908055130080057,2025-07-09 02:46:29,广东,7524760970934226202,刚刚比对了一下，同一个店里的饭！美团23，京东22，闪购13[尬笑],96905492210,MS4wLjABAAAAi9VkGicrdWJ7xhAXpu1M2FIx5h1AyopaQzJjUORMtyg,823430601,,,文Wen,https://p3-pc.douyinpic.com/aweme/100x100/aweme-avatar/tos-cn-avt-0015_98203420643e08708e85156cb04befb5.jpeg?from=2064092626,544,10085,1764829392599,0,
7524904991585518375,2025-07-09 02:34:36,广东,7524760970934226202,从来不点外卖的我，自从这个商战，我一个月在闪购点26次[微笑],2802021612918524,MS4wLjABAAAAjQqLDYIMzvN4vfPCgtxukiiRxkDWIl4rvvMRbjuMd2ZGZVNj48jAvA3nwCz1pg-1,62699922579,62699922579,,楓均,https://p3-pc.douyinpic.com/aweme/100x100/aweme-avatar/tos-cn-i-0813c001_oo3zAxeiJLEWOAi0AEAIePLikvBTr6ADABxCgl.jpeg?from=2064092626,335,7745,1764829392599,0,
7524794983854768955,2025-07-08 19:27:59,湖南,7524760970934226202,我已经好久没点美团了，都是闪购和京东,84405507528,MS4wLjABAAAA-ldaG9Nx_EhUyClft6KrcLa1LiwkoV5thk5O6R3NbeU,200794767,,,🌸 玲子、🍒,https://p3-pc.douyinpic.com/aweme/100x100/aweme-avatar/tos-cn-i-0813c000-ce_o0wg9HkhoIeAAAExeEMFmBsEQTDA1sAT7wfvzQ.jpeg?from=2064092626,174,4830,1764829392601,0,
7524939582502323001,2025-07-09 04:48:50,江苏,7524760970934226202,闪购是真便宜，马爸爸说干就真干[赞],58826658859,MS4wLjABAAAAYmklg6EHoSs8EuKtCmHMpunZVzEmb5-IKpDL7VhWIrc,6858400,,,日落小仙女🧚‍♀️大闸蟹,https://p3-pc.douyinpic.com/aweme/100x100/aweme-avatar/tos-cn-avt-0015_847aef1119f90919da49e7fc151acdcd.jpeg?from=2064092626,157,4338,1764829392603,0,
7524763386720453434,2025-07-08 17:25:15,广东,7524760970934226202,希望三大外卖平台一直打下去[舔屏],105830518538,MS4wLjABAAAAO4tmKu_Q5wK_aM-XalY1WFqaAvLQ_fui1uQB3UGXnUc,1685700985,,,白大渔,https://p3-pc.douyinpic.com/aweme/100x100/aweme-avatar/tos-cn-avt-0015_3c75e00fe4e5cfe78e19b2ac5691bfd5.jpeg?from=2064092626,64,1911,1764829392604,0,
7524783170848867118,2025-07-08 18:42:07,贵州,7524760970934226202,别慌，别慌拼多多外卖还没入场呢，拼多多入场才是大戏,96869722102,MS4wLjABAAAAdCtH_yUaNOJBKd1DlIwXLGe-nZEzCAeTDNoYZzGySgM,800312275,,,Adore  Min,https://p3-pc.douyinpic.com/aweme/100x100/aweme-avatar/tos-cn-i-0813c001_o0Nr8vgS5DA2fAKlAtAhIuEubvACtCADqnU9re.jpeg?from=2064092626,180,1873,1764829392605,0,
7524930625326662439,2025-07-09 04:14:06,浙江,7524760970934226202,一年点不了三次外卖的我，闪购点了十多次了[泪奔]不点感觉亏得慌,89916004234,MS4wLjABAAAAZt5_pJ8MXNJICBrlHTSEBW1xA_UQNqqDcY_dGu3hC8g,3253219134,dymq4sbo663d,,小天,https://p3-pc.douyinpic.com/aweme/100x100/aweme-avatar/tos-cn-i-0813_f01ab56f8df9495eb964fccceba5a0fd.jpeg?from=2064092626,77,1433,1764829392606,0,
7524788879644803900,2025-07-08 19:04:18,江苏,7524760970934226202,闪购可以，是真送，美团就算了,2476566807844064,MS4wLjABAAAA-u7_D2tHCOrj0JRax1vM3YJsf3vyrOlTeybtFmYQ5VHPowe6tXwpGqu6WG3gCv4C,90692632233,90692632233,,🌈回家就我和你,https://p3-pc.douyinpic.com/aweme/100x100/aweme-avatar/tos-cn-i-0813c000-ce_o0xsEkikAaeMvz0aEABAIeG09SnwbEAAAmiXfD.jpeg?from=2064092626,35,1172,1764829392607,0,
7524956821498364723,2025-07-09 05:55:45,四川,7524760970934226202,只有闪购是真的便宜，。。我都对比了，还是马云厉害,94516377069,MS4wLjABAAAAcnQBddJsxEPHRagjIVkr-cPKee5jZmagOmu0MImMRV0,1088613582,li540537376,,Li,https://p3-pc.douyinpic.com/aweme/100x100/aweme-avatar/tos-cn-i-0813_o0gfwAMGdIBj6y8LIAAgRAIyDCfZeMZAO2QeCN.jpeg?from=2064092626,33,1058,1764829392609,0,
7524935934691197756,2025-07-09 04:34:41,河南,7524760970934226202,同样的一份饭，美团结算页面22，闪购结算页面12[微笑],98301168105,MS4wLjABAAAA6Ouf_Kr78YKNmOa6qtIh895sXtH6SYE8dalO7H7fXHk,926407176,737837262cdy,,阿蔡啊🎤,https://p3-pc.douyinpic.com/aweme/100x100/aweme-avatar/tos-cn-avt-0015_bc9447474348d8a0fba8787862d964b0.jpeg?from=2064092626,51,1010,1764829392611,0,
7524854936350884649,2025-07-08 23:20:26,河北,7524760970934226202,我这几个月的外卖几乎都是闪购,75374019130,MS4wLjABAAAAvnV4bgO2P5UGfsOt3zBYvqNMJ3GWZncxEb-lBQpYXQc,850982887,BJ6888888,,叙白,https://p3-pc.douyinpic.com/aweme/100x100/aweme-avatar/tos-cn-avt-0015_ee3722dbb4832435a4e493426835236c.jpeg?from=2064092626,71,999,1764829392611,0,
7524840595737051939,2025-07-08 22:24:54,甘肃,7524760970934226202,闪购让我喝上了10.8的星巴克[舔屏],95821687316,MS4wLjABAAAAsSPYCKQuenlIZMozzVVOTh8ZpQDP3B25O6qHaQa_U2k,785530763,,,愚也愉xst,https://p3-pc.douyinpic.com/aweme/100x100/aweme-avatar/tos-cn-avt-0015_4daae638b7da70e24e8461c4812745df.jpeg?from=2064092626,163,983,1764829392611,0,
7524776287073960763,2025-07-08 18:15:26,天津,7524760970934226202,至今没见过美团给我券,110814834706,MS4wLjABAAAANNHU9fiGZqT88kpiJ1kAs7tipiBdf5jWp9zjYuqUr_M,2017141808,,,公主殿下的小跟班,https://p3-pc.douyinpic.com/aweme/100x100/aweme-avatar/tos-cn-avt-0015_c00c586fb0381729b885dee9a82dd297.jpeg?from=2064092626,89,981,1764829392611,0,
7527593214401790758,2025-07-16 08:26:17,山东,7525812813567151360,我们这县城美团却在这天降了众包费用 2.3一单（原2.5一单） 结果大面积导向蜂鸟 直到第二周周六 才提了单价和搞了个跑百单赚百元的奖励。到周一至今天快速再拉到2.3元单价 当地骑手都在说 美团众包在不断的“逼迫”骑手转到蜂鸟和京东[抠鼻],1324270642804445,MS4wLjABAAAAk9J_hU4jNrB-eRkk93uhe5WmZHdEZ6A-1wq_a1VU4l6LO368S0eUv1MGCXKI733U,92069577955,92069577955,,寒枫,https://p3-pc.douyinpic.com/aweme/100x100/aweme-avatar/tos-cn-i-0813c001_okMuAuQAAa6EkAvihIAZiDTP4SSHIrzT0BIvj.jpeg?from=2064092626,0,0,1764829399604,0,
7526247501856506681,2025-07-12 17:24:23,山东,7525812813567151360,5号那天，我班次刚好全天白天[尬笑][尬笑]那天热死了，哥们本该晚上八点下班，然后感觉中暑了，头晕，手脚发麻，胃肠收缩，早上还是喝了一瓶藿香正气水，但是美团专送没见到更多补贴[尬笑][尬笑][尬笑]聪明人应该都去众包了…根本没有电池换[裂开][裂开],104704307509,MS4wLjABAAAA4IbCv3KkEamyzVVzKYSIuQrBRNPVK0OGcHt0bsYlWSw,1526384823,,,Nemophilist,https://p3-pc.douyinpic.com/aweme/100x100/aweme-avatar/tos-cn-i-0813c001_oEGaeaemAJZjOLABKx9EAvG0IngBOQ2A7pEAfG.jpeg?from=2064092626,1,1,1764829399604,0,
7526360136292074299,2025-07-13 00:41:19,江苏,7525812813567151360,我领了，也用了，2.9元下单了，然后被商家取消订单了，理由说没货了，一家卖麻辣烫的，其他套餐都有，单点菜也可以，但是一到了我点的这个套餐就是没货了，最离谱的是，我还是点的预订单，次日的午饭[微笑][微笑][微笑](对，就是张亮麻辣烫),66898582062,MS4wLjABAAAAWe0QVFBd0xayyfOqJC-MquUy3qatKlza4YzmcFyh-rE,62130437,dy631314921,,小魏呀,https://p3-pc.douyinpic.com/aweme/100x100/aweme-avatar/tos-cn-i-0813c001_oIEYROgJbAQaf2CeAn9mnkCkNDAD8AAoWgAgGP.jpeg?from=2064092626,0,1,1764829399604,0,
7536973923180839737,2025-08-10 15:08:14,辽宁,7525812813567151360,美团只要不犯错，他的江湖地位就不会落，我是商家，现在美团的订单还是最多的。我从不参加任何活动和推广，全靠回头客。其实点外卖也是固定的人群。每天回家都做饭的人不会选择点外卖。因为他们觉得不健康。只要把产品做好了，还是有回头客的。我觉得花里胡哨的营销手段没有用，最主要还是踏踏实实做产品。,92447359286,MS4wLjABAAAAkshgbUx7ytZH89K6B9346D4CGtiEYfYYuvfNkUA-lng,334860911,,,我叫罗幸福,https://p3-pc.douyinpic.com/aweme/100x100/aweme-avatar/tos-cn-i-0813c000-ce_o86AOCEH8yDA9UweP1AnFUoEfhnADoIAcxEF0q.jpeg?from=2064092626,0,0,1764829399604,0,
7526539764464403219,2025-07-13 12:18:20,内蒙古,7525812813567151360,为什么我买来的外卖都是不新鲜的，我用补贴买就是碎米饭我室友去店里吃的非常新鲜完整的大米，我吃完拉肚子，看着优惠真的不敢用，肯德基点的补贴活动商品炸鸡块面粉多硬硬的，我去店里吃的就是肉多淀粉少热乎乎的[憨笑][憨笑][憨笑],4198394888462681,MS4wLjABAAAAnEkFEUaf2pXif3HsWgGnU9RGUPffkgQjDRZlKR9iCtTXYJO7odASINYdqNtrkaob,65816317228,65816317228,,我和我担健康平安,https://p3-pc.douyinpic.com/aweme/100x100/aweme-avatar/tos-cn-avt-0015_1f6d21b7923ebb74788dd923be8ef8ff.jpeg?from=2064092626,0,0,1764829399610,0,
7526775481397691163,2025-07-14 03:33:06,广东,7525812813567151360,好多人都不会0元购啊，每周六都有一波0元购的，不会操作的宝宝留个表情[看],769308041951588,MS4wLjABAAAA0rRK4zF1OVZRUB-SVFLulhVDaDuUf9lA_LN1JgX29a4,3037975302,dyov6l0a4r8a,,@陌上花开,https://p3-pc.douyinpic.com/aweme/100x100/aweme-avatar/tos-cn-i-0813_2c03a0a033dc4c3daa96e88e77d793ad.jpeg?from=2064092626,78,15,1764829399611,0,
7528390484499825443,2025-07-18 12:00:09,浙江,7525812813567151360,人少可拉[舔屏],2403957173913796,MS4wLjABAAAAEXsym0vJkS26CNyV-201gy3cxMQXymiCDjXCpbmHPKhLIzfKmqnrDGf-GQZmN7Ya,47456364168,47456364168,,小羊泡泡,https://p3-pc.douyinpic.com/aweme/100x100/aweme-avatar/tos-cn-avt-0015_abc0515a015a6651fe9941c673631f46.jpeg?from=2064092626,1,1,1764829399611,0,
7534315781161517862,2025-08-03 11:13:15,河北,7525812813567151360,明天外卖大战，没有群的我一个个拉[流泪][流泪][流泪],549397505514243,MS4wLjABAAAAGrWvT7A4RMLvVFkVpZWYRQpOxlDLLq_Q3Fi00Dljy9g,3727370824,dytq5ekasp4o,,～～～.（撸货版）,https://p3-pc.douyinpic.com/aweme/100x100/aweme-avatar/tos-cn-avt-0015_d5519b46b6157451545af39ca2d8f739.jpeg?from=2064092626,6,1,1764829399615,0,
7526470302252057401,2025-07-13 07:48:48,辽宁,7525812813567151360,冷静啊，首先不是所有的外卖都营养又安全，而且，最关键的是，它再怎么补贴，也不是全免费，自己还是要花钱的，你花钱的是你真正需要的吗？如果不是，到头来还是透支消费,4077429158587863,MS4wLjABAAAACWNK6hFyM4VJwXf5UOKqUW1Ir7katMFcvZF_wkdmMW2y2WQdZK75fz-IGwTU8zST,70403328694,70403328694,,玉满西楼,https://p3-pc.douyinpic.com/aweme/100x100/aweme-avatar/aweme_default_avatar.png.jpeg?from=2064092626,0,0,1764829399616,0,
7526552827520664377,2025-07-13 13:09:03,山西,7525812813567151360,每代人有每代人的鸡蛋要领[哈欠]，有不会的宝宝吗,2122470908757096,MS4wLjABAAAAhCfuZgIfDjSqlgGG-0Tpb4YEJTCwRV_cYVsN4ab_o0tKMwGvV3KWi1U6BWFKZGpf,61961246373,61961246373,,xixi,https://p3-pc.douyinpic.com/aweme/100x100/aweme-avatar/tos-cn-i-0813c000-ce_oM0PFiHPidTMFB0IVAhI9niAAuZBA39A6EdVA.jpeg?from=2064092626,133,85,1764829399617,0,https://p11-sign.douyinpic.com/tos-cn-i-p14lwwcsbr/daf4e2d5773d41219d2a5c28e9f14120~tplv-p14lwwcsbr-7.image?lk3s=7b078dd2&x-expires=1764849600&x-signature=miaYZsyk54sOJwK6VYPzcZXSiM0%3D&from=2064092626&se=false&sc=image&biz_tag=aweme_comment&l=20251204142318B479DF00E04B166FE9BD
7526171963602699044,2025-07-12 12:31:08,江苏,7525812813567151360,世界已经乱成一锅粥了,1179151322582904,MS4wLjABAAAAvrbRIhpIyphotiiRdbfYZbAPygNhrp_D6Qh1BkljIjlJq05KmybvxeLjh0yjb07l,26582332983,26582332983,,金钱永不眠,https://p3-pc.douyinpic.com/aweme/100x100/aweme-avatar/tos-cn-avt-0015_c7649b5f51126fd1a9b8eb2aa7ecd93b.jpeg?from=2064092626,92,1429,1764829399618,0,https://p11-sign.douyinpic.com/tos-cn-i-p14lwwcsbr/287ac6b5ffba48e4902f738236663022~tplv-p14lwwcsbr-7.image?lk3s=7b078dd2&x-expires=1764849600&x-signature=2jRzZMgCO3PJG%2BjQ5rJiA975mTc%3D&from=2064092626&se=false&sc=image&biz_tag=aweme_comment&l=20251204142318B479DF00E04B166FE9BD
7526506742311600953,2025-07-13 10:10:13,广西,7525812813567151360,中央的常规操作而已[看]先让你做大做强，日常化后马上来第三个，看效果更好了直接第四第五个[看]看新能源车刚开始只有特斯拉和比亚迪，现在汽车什么价格，国家开始让资本吐利润出来了[看],102869097413,MS4wLjABAAAA9EKsmRjKO3vjsEzsRhgLFPfvMjf-TNO-lEKHUBxppDQ,1258553978,a17777557248,,九月,https://p3-pc.douyinpic.com/aweme/100x100/aweme-avatar/tos-cn-i-0813c000-ce_ooWyIkLSAoOJzwtfJAGAQLPp7NSg0FABA6Ieeo.jpeg?from=2064092626,1,2,1764829399619,0,
7526898489101517602,2025-07-14 11:30:26,黑龙江,7525812813567151360,谁还没找到组织 可拉[惊喜],83902716799,MS4wLjABAAAAMrjZ6Cs6ZGUVkinZxzuyX0VrR0KtO-h3whdIHx4CmTU,350347551,24940368962,,用户3050005035581,https://p3-pc.douyinpic.com/aweme/100x100/aweme-avatar/aweme_default_avatar.png.jpeg?from=2064092626,11,7,1764829399621,0,
7526114851942138633,2025-07-12 08:49:28,广东,7525812813567151360,谁来，包教的[看],62323831754,MS4wLjABAAAAmWGzv8jYFxY28Uq1RgFPbiwi2-fRJ7Y0c0s-aoR3Bs8,27749755,,,正瘦文,https://p3-pc.douyinpic.com/aweme/100x100/aweme-avatar/tos-cn-avt-0015_daababd6994400ae4f17bcee8baf72c9.jpeg?from=2064092626,17,8,1764829399624,0,https://p26-sign.douyinpic.com/tos-cn-i-p14lwwcsbr/04005004b61545378601295520a17cd2~tplv-p14lwwcsbr-7.image?lk3s=7b078dd2&x-expires=1764849600&x-signature=tag1OyoQz2VBEDQ6zOXimnxLiMA%3D&from=2064092626&se=false&sc=image&biz_tag=aweme_comment&l=20251204142318B479DF00E04B166FE9BD
7526504276061127482,2025-07-13 10:00:40,安徽,7525812813567151360,"你们真的没有群吗，天天喝吐了[泣不成声][泣不成声][暗中观察][暗中观察]
司我我一个一个拉[你不大行][加一][加一][加一]",167598801558733,MS4wLjABAAAAguWcEMBk0Dd3FW8wp6OuyQvGIHkLtS2wpnDqOY22nvQ,60699448619,60699448619,,双面龟,https://p3-pc.douyinpic.com/aweme/100x100/aweme-avatar/tos-cn-i-0813c000-ce_oMxDQ0e9AAfAIEDgEAwFYm6TIfC0oXEEVAXywA.jpeg?from=2064092626,7,3,1764829399625,0,
7546517520124461839,2025-09-05 08:22:15,卢旺达,7546209330081566015,美团这些年过得太舒服了，多谢京东和阿里惩治它[送花][吐舌小狗],2810005432056829,MS4wLjABAAAAjLYvitnQkzVr_zXVNs0ixZrFz_wGMn9k3UOKFni5WM8uOJPnspxVn2s7aENCiAfR,3959617907,Chinanorthern,,牛打铁,https://p3-pc.douyinpic.com/aweme/100x100/aweme-avatar/tos-cn-avt-0015_85af3a2711d3678bf323dea58365b084.jpeg?from=2064092626,9,2619,1764829406644,0,
7546751961665979194,2025-09-05 23:32:01,黑龙江,7546209330081566015,[尬笑]讲个鬼故事有没有可能是国家暗补外卖行业！为了保持正常的外卖行业能拖动就业人口，导致不会有大部失业人员，所以这时候阿里和京东也来趁机抢占市场！目前现在这个消费前景不知道在抢什么[微笑],67894201879,MS4wLjABAAAATBR9Bs2R_9fz76VOYn5z8CtJ_-MWoc5GywPibFtvBL8,68037360,temporary_jober,,江川多画,https://p3-pc.douyinpic.com/aweme/100x100/aweme-avatar/tos-cn-avt-0015_d0775427f2e78b8c298ed74ed8a9fee7.jpeg?from=2064092626,1,7,1764829406644,0,
7547128995238724387,2025-09-06 23:55:06,辽宁,7546209330081566015,停不下来，因为jd和阿里发现，自家有其它主营业务，外卖是主业的护城河，而美团没有护城河。他俩外卖一毛不赚，甚至持续亏损都无所谓，只要能在主营业务上把外卖的流量变现就可以。持续打下去，美团是真的会死,4098626129241480,MS4wLjABAAAAlEDksocHrABJNogJY4E0K8U6-M243-dyl8wTPS2BRi3HFN5Pl1p9lPuToKzd7TC4,26502414158,26502414158,,𝑠𝑡𝑐𝑜𝑔,https://p3-pc.douyinpic.com/aweme/100x100/aweme-avatar/tos-cn-i-0813_okdIvEAAvA0gKcwgAa0AgPWg7AbRiiRLIbBYi.jpeg?from=2064092626,15,327,1764829406647,0,
7547234254750860073,2025-09-07 07:00:08,北京,7546209330081566015,京东咋做到的客户不满意，骑手不满意，商家不满意，自己还能亏的，很纳闷？我自己体验就是送的很慢，黄蓝差不多半小时，京东就得四十分钟往上，然后骑手还累不赚钱，商家也不赚钱，然后京东还能在亏钱,59074210000,MS4wLjABAAAAtzmXJW4igXikT6twSyit3GEO_Yc5INYMlQNuoOTNiE8,8527994,,,Lynnnnnnnn.,https://p3-pc.douyinpic.com/aweme/100x100/aweme-avatar/tos-cn-avt-0015_ae36a7b292f00df3416dc86ea32f8aa2.jpeg?from=2064092626,3,7,1764829406647,0,
7553118103350346542,2025-09-23 03:15:52,湖北,7546209330081566015,三家用预制菜殴打客户，就是这么回事！你还在沾沾自喜，赚到了！[看],102344970342,MS4wLjABAAAAxTxt7OkF7Ytc6sv98pDSuhxGLWzi8_WoJMoY38bBafU,1222633262,,,小虫嘟嘟呀~,https://p3-pc.douyinpic.com/aweme/100x100/aweme-avatar/mosaic-legacy_2e9a300041cccb7900373.jpeg?from=2064092626,0,0,1764829406649,0,
7546274763044782857,2025-09-04 16:40:14,浙江,7546209330081566015,一说就商家赔商家赔，你要流量还想多赚钱怎么可能呢？我这边很多店根本用不了券一样饭点爆满，外卖近一个小时才能送到也一样不少人点，商家口味做不到满意，价格还不行怪谁呢？,4459213995386952,MS4wLjABAAAAcAyZHdDEE5WVvBrxgk1K9s-55hUGttjhfmeuNhMJ_cs3eRI1o8iEQ_1kaLPmyYbP,3479604003,myxc233,,故梦,https://p3-pc.douyinpic.com/aweme/100x100/aweme-avatar/tos-cn-i-0813_d41e8cb4b6b94085856f12659674410d.jpeg?from=2064092626,2,5,1764829406650,0,
7546219525269209875,2025-09-04 13:05:51,广东,7546209330081566015,不止[杀马特]很多商家为了对付外卖大战，新品都直接拉高了定价，锚点价格都很高，根据不同的活动，不同补贴，商家能把最终到手的价格控制在自己想要的价位上。（举例说我这边的古茗奶茶店，以前搞活动一杯奶茶日常价大概12-14块，加上配送费实际支付能优惠到8-10块，现在各种优惠，补贴，大额券叠加起来，到手13块[泣不成声][泣不成声]）,96975724522,MS4wLjABAAAA2ZMeSLRijfYudpb2hRoGNpuY9CaHYQRtDq0JPLbWySo,833179916,,,起心动念,https://p3-pc.douyinpic.com/aweme/100x100/aweme-avatar/tos-cn-i-0813c001_oc5ZADpEPAF1AR8fAgfHXCnnWA9HBAMLEIuCAz.jpeg?from=2064092626,5,21,1764829406652,0,
7546470817498252091,2025-09-05 05:21:01,广西,7546209330081566015,他们这样搞以前便宜的现在反而更贵了[微笑]相当于先降价卖一次，然后一直涨价再打折，打折之后的价格比之前没降价的还贵[微笑]，以前卖10块，降价做活动买3块，然后涨价到15再打9折，最后总付款13.5，比之前的10块贵了3.5[微笑][微笑],59626620169,MS4wLjABAAAAuVeA5MQ1IlfZWCoCZryqwIVpn1Bso3g1t4Th2FVaXf8,178839951,,,╰ ┗尤图,https://p3-pc.douyinpic.com/aweme/100x100/aweme-avatar/tos-cn-avt-0015_5c78e59a72598eca5b267f746a193421.jpeg?from=2064092626,0,8,1764829406655,0,
7555013799180010291,2025-09-28 05:52:08,山东,7546209330081566015,它们之所以愿意砸百亿，是因为他们看到未来可以挣千亿，这利润从哪里来 好难猜啊,97002091590,MS4wLjABAAAAWE_uXkJAwJc6P1chhmb3OvfXvhwP56wiX8aZEdZWUJ4,834336760,,,飞翔的尘埃,https://p3-pc.douyinpic.com/aweme/100x100/aweme-avatar/mosaic-legacy_2f0a90006665c574fd9d3.jpeg?from=2064092626,0,1,1764829406656,0,
7546526568518386495,2025-09-05 08:57:24,上海,7546209330081566015,外卖和零售的协同的确有价值 但是我们平头老百姓关心的还是价格啊 外卖大战吃的是便宜了 但是零售的东西还是很贵 最后的效果也只是让人知道 零售APP也能点外卖或者外卖APP也有零售 为了这一个效果真的值得花费百亿嘛[发呆],3896258546641832,MS4wLjABAAAAJwVRaVYGPDzYsjlzfLBQ6G3I5_Ke6ssltw54JjHxul2buCTOhMoiUJFMIhyfOl-m,3089360077,CPD47483,,InterestingC,https://p3-pc.douyinpic.com/aweme/100x100/aweme-avatar/tos-cn-i-0813c001_oozzSLACEhnNb1AAGyyAozWC1IuuCNANgA2fCe.jpeg?from=2064092626,0,0,1764829406658,0,
7557017497519031098,2025-10-03 15:27:31,海南,7546209330081566015,这次外卖大战，我没有在美团点过东西，每次它都比别家贵[泪奔],84950306889,MS4wLjABAAAApMj4utO2u6OcYhsY6QUtv78vuD2ozOHXZn2BcE2UQeQ,197185731,,,生活的小丑,https://p3-pc.douyinpic.com/aweme/100x100/aweme-avatar/tos-cn-i-0813c001_o8AtglEgCUAididsAse76HfZAkBuACAIpAk0h7.jpeg?from=2064092626,0,2,1764829406659,0,
7546474610461344569,2025-09-05 05:35:44,浙江,7546209330081566015,你不乱讲，饿了么最少现在要一个小时，过分点的一个半小时40分钟那多正常。时间不够就自动延迟下单的时间，一个付完款时间，一个配送后，时间不够又一个。主打的就是不会超。,388576268266124,MS4wLjABAAAA5e4bth8KnLAMTzKWwfUwVFIUq9RdlZqkS_AHocYqS3k,22554560247,XIE19886,,XE高冷的烊,https://p3-pc.douyinpic.com/aweme/100x100/aweme-avatar/tos-cn-i-0813c001_oo475PIA8AekSeaTBqppluAIGeAsLBAHhEASSQ.jpeg?from=2064092626,0,1,1764829406660,0,
7546786070256452410,2025-09-06 01:44:20,广东,7546209330081566015,京东最棒的一点是迟到真免单，美团会一直改你时间，实在改不了就赔个几块钱的劵,89806465285,MS4wLjABAAAALGi5MLDGWCYQMfNlhY_byGu9AaDd9PBeMW4AY0ppTzs,280504021,,,半癫,https://p3-pc.douyinpic.com/aweme/100x100/aweme-avatar/tos-cn-i-c9aec8xkvj_3de4e9454972444d9146a26afbd0fca5.jpeg?from=2064092626,7,190,1764829406661,0,
7546239208345977660,2025-09-04 14:22:14,广东,7546209330081566015,我是个饿了么专送骑手，送了好几次美团运营部的单了[泪奔],63977907011,MS4wLjABAAAADOawttIbdjfqP5Gw2nKws-bFUmWpKXRJKzIbWWA1MFo,46364624,,,🌈🌈🌈魏什么Daily,https://p3-pc.douyinpic.com/aweme/100x100/aweme-avatar/tos-cn-i-0813_oA6gAepQ1uACBwPULWI7BRQAJM0f8vAe7AEXNE.jpeg?from=2064092626,3,59,1764829406662,0,
7546231159703110438,2025-09-04 13:51:01,广东,7546209330081566015,京东美团大战，把饿了么盘活了[呲牙],87161726959,MS4wLjABAAAASgzwhbks4K0Fa83jSD918KSDOhJje7WRVg-z1OHGA1c,269124625,,,番茄男孩,https://p3-pc.douyinpic.com/aweme/100x100/aweme-avatar/mosaic-legacy_2409b0004a02ab00f64a0.jpeg?from=2064092626,4,51,1764829406664,0,
7526400171598299939,2025-07-13 03:16:43,江苏,7526101634162937145,暑假工感觉自己被做局了。[泪奔][泪奔],93082943750,MS4wLjABAAAAsdFtyNIAodbGWhUBksZkZsyB6SYFuUgG9yAXbVPgvwk,952290336,,,🌈蛋挞冰激淋,https://p3-pc.douyinpic.com/aweme/100x100/aweme-avatar/tos-cn-avt-0015_d6d02226dc670c8d8e9a9a8ca59c5a1b.jpeg?from=2064092626,3801,42148,1764829413704,0,https://p11-sign.douyinpic.com/tos-cn-i-p14lwwcsbr/ed3fccd7366249718703efd719d5d7e5~tplv-p14lwwcsbr-7.image?lk3s=7b078dd2&x-expires=1764849600&x-signature=p6fTEvUj1KOGcL42trhkuir2cdc%3D&from=2064092626&se=false&sc=image&biz_tag=aweme_comment&l=202512041423326B8757A4678E467802B4
7526229842326422322,2025-07-12 16:15:44,湖北,7526101634162937145,三大巨头千万不要和好！我不嫌你们慢，加油👍,1253083288447421,MS4wLjABAAAA2OMjPmtr5FvgFhDGsmnmpT1xXkkpIR2yeUvQjFCQ5CSsjpZU7MH3Ns5XwHwFRqXZ,2263722472,dy40qc9j4kwf,,不吃茼蒿,https://p3-pc.douyinpic.com/aweme/100x100/aweme-avatar/aweme_default_avatar.png.jpeg?from=2064092626,196,12629,1764829413704,0,
7526263567789884194,2025-07-12 18:27:06,内蒙古,7526101634162937145,我承认我贪图便宜，0元购咖啡我喝了3杯，导致我现在还精神抖擞浮想联翩[尬笑],103972541181,MS4wLjABAAAAgUx84_uVc9ifwUDjQThYInPfz4doRt-c1s3xazMgLA4,1393224440,Z102877,,Z 、,https://p3-pc.douyinpic.com/aweme/100x100/aweme-avatar/tos-cn-avt-0015_bc0fb99c6087f0bd473c8caa0beae9ed.jpeg?from=2064092626,369,7549,1764829413704,0,
7526264890534626108,2025-07-12 18:31:56,广东,7526101634162937145,我点了一杯蜜雪冰城的，太多单了，外卖小哥挤不进去，跑到古茗给我拿了一杯[泪奔],104444353317,MS4wLjABAAAASVIw5G0bL-9gKe3GckRab_YN2Y0fntYwrynZ_rkq1TE,1476543741,1527698aaa,,艺术降临,https://p3-pc.douyinpic.com/aweme/100x100/aweme-avatar/tos-cn-i-0813c000-ce_owetLeB9OEcWAT4EEn0wF2D8FwfAAEbAAIYvAl.jpeg?from=2064092626,1303,22545,1764829413709,0,
7526274505938453274,2025-07-12 19:09:10,广东,7526101634162937145,大学生暑假工也是好起来了，能提前感受牛马的感觉[九转大肠],3483687868181256,MS4wLjABAAAAwNV2-IfwyUBV8U4O2UcTNWm-99W1EnBecaURFazerN__vFWV8S5yCUFuQWO-dr9x,47006308490,47006308490,,一林三麦,https://p3-pc.douyinpic.com/aweme/100x100/aweme-avatar/tos-cn-avt-0015_f649e872ad762b8be111f10910bbe5d3.jpeg?from=2064092626,57,4221,1764829413711,0,
7526342688502170419,2025-07-12 23:33:39,江苏,7526101634162937145,暑假工疑似被做局[微笑],408650526506692,MS4wLjABAAAAMhI32ojnirV8e25TPZWOopV0k7qKe4BmHFlbBOy6YkA,2226632739,1296360896qazwsx,,星星眼小新,https://p3-pc.douyinpic.com/aweme/100x100/aweme-avatar/tos-cn-i-0813_ogeHmRAQIHGARadLxAEfFNEOLA5B7BAAIC4Be6.jpeg?from=2064092626,58,4966,1764829413711,0,
7526381989916099343,2025-07-13 02:06:11,浙江,7526101634162937145,上次点杯瑞幸，一天了都没喝上，最后给我退了[微笑],63701549590,MS4wLjABAAAA8B6zwcatcTEA3V935d5jciaAnUtXNTN83ox5qBYA8X4,3030200917,123biu.biu.,,百思不得李姐,https://p3-pc.douyinpic.com/aweme/100x100/aweme-avatar/tos-cn-i-0813_o8ZvxElgKII5AAgDw8AQmA1iBN53aA0JipUPd.jpeg?from=2064092626,50,1491,1764829413718,0,
7526406955619992379,2025-07-13 03:42:58,广东,7526101634162937145,昨天我的号都排到1千6多号差点没喝上,67652899060,MS4wLjABAAAAOXdaa7VsDaNBUnGpwsCW0YYEGD2KbUfEK_e9FIWQkb4,66805064,,,宝贝幽魂,https://p3-pc.douyinpic.com/aweme/100x100/aweme-avatar/mosaic-legacy_2b1fb0006f2e4793b26c7.jpeg?from=2064092626,24,907,1764829413754,0,
7526490497247691547,2025-07-13 09:07:09,山东,7526101634162937145,最近的各行各业[呲牙],63426344896,MS4wLjABAAAAeh3DsNJ7VC0Rbc41irOoq438vOUgRHqsUuvjn8cOPbM,57648376,,,顾大米,https://p3-pc.douyinpic.com/aweme/100x100/aweme-avatar/tos-cn-i-0813c001_oAnIgXDE3mAFApnIZFhtAdEAODfGf2A89ACRAD.jpeg?from=2064092626,12,127,1764829413760,0,https://p11-sign.douyinpic.com/tos-cn-i-p14lwwcsbr/2bbeda3fb9f4440caceb43916a61bbae~tplv-p14lwwcsbr-7.image?lk3s=7b078dd2&x-expires=1764849600&x-signature=6qG7erruNubgSspfxHdNVYnKZ2c%3D&from=2064092626&se=false&sc=image&biz_tag=aweme_comment&l=202512041423326B8757A4678E467802B4
7526433391257977615,2025-07-13 05:25:37,安徽,7526101634162937145,反正我不抢，能喝多少吃多少就点多少，我看好多不喝也点，就因为便宜，喝不完就扔了，感觉不好，太浪费了，而且完全没有想到自己这样一杯接一杯喝很伤身体吗？劝大家理智[尬笑]如果就图开心，可以点了喝不完送给需要的人喝，有的人可能一辈子都没喝过[感谢],71467308005,MS4wLjABAAAAip3qu_UgnZb8CFfKYDsTD5_3uoQv5c367haAv0B0bHo,88817432,,,小妮ღꦿ࿐,https://p3-pc.douyinpic.com/aweme/100x100/aweme-avatar/tos-cn-avt-0015_a9dc925bf6ad8c5e5b1bf9f5c58e02f5.jpeg?from=2064092626,1,7,1764829413768,0,
7526471440187949881,2025-07-13 07:53:13,安徽,7526101634162937145,这些人都太实在了，哭的一看就是责任心强的，或者是刚出社会的大学生，其实按照自己的速度做就行了，来不及没办法啊，来不及就堆在那里，因为就两个手，做不出来拉倒，干嘛要哭[泪奔],72953809793,MS4wLjABAAAAmmGI-ggXX_qoYgEFrUpsQJ62EHNjBVz1e67x8NZJeOs,726685350,jian..kang,,鸭血粉丝汤（管仲公园店）,https://p3-pc.douyinpic.com/aweme/100x100/aweme-avatar/tos-cn-i-0813_oYCh2YDjESPADKTCrZNztAAeEZAfAALgA3myIb.jpeg?from=2064092626,2,4,1764829413774,0,
7526260948275004220,2025-07-12 18:16:39,广东,7526101634162937145,评论区看到的 笑死我了,88485992763,MS4wLjABAAAAzhg6jknIUOonyvZjlD3bhc9dOHd86F_n4Higk3UW21o,274768480,,,Killa96,https://p3-pc.douyinpic.com/aweme/100x100/aweme-avatar/tos-cn-avt-0015_f4ee0f91a22c41d48a8303269f3b4d7d.jpeg?from=2064092626,177,850,1764829413775,0,https://p26-sign.douyinpic.com/tos-cn-i-p14lwwcsbr/02640a40d7564adb92398ccd3d217626~tplv-p14lwwcsbr-7.image?lk3s=7b078dd2&x-expires=1764849600&x-signature=6FoTDwXz7tYrP1T29Vs6%2FXfoOm8%3D&from=2064092626&se=false&sc=image&biz_tag=aweme_comment&l=202512041423326B8757A4678E467802B4
7526652932436689664,2025-07-13 19:37:50,河南,7526101634162937145,这个暑假的暑假工选择跑外卖赚的比我们平时的老手多的太多，选择在商家上班的，比平时的老员工累的更累了，所以选择很重要，双倍快乐和双倍暴击真的就在一条线上，只是两个起点不同[看],1698074087404487,MS4wLjABAAAA3NX9AzpOFjWa3qkBkXz70Jknhre6DV4-Ja9byLxJUq7l8up6DaTIgieKe0-OHeps,87759517639,87759517639,,追风中年,https://p3-pc.douyinpic.com/aweme/100x100/aweme-avatar/tos-cn-i-0813_566dbef6e3be4fa1abce7f96a84f1e39.jpeg?from=2064092626,0,3,1764829413775,0,
7526824317431792443,2025-07-14 06:42:34,黑龙江,7526101634162937145,我跟我弟蜜雪冰城一日游过，[泪奔]一天时间 脚后跟跟有骨刺了一样。忙不过来根本忙不过来，没时间坐一会 垫脚尖最后都没力气点了。第二天就不去了。[裂开]我在家附近买一杯前面有九十多单 得等。,57957107193,MS4wLjABAAAAyy2UtAdfPjndubjFbDrrGrYM8zjVca6spoGIz7E4cDk,11923476,,,✨ Vv宇,https://p3-pc.douyinpic.com/aweme/100x100/aweme-avatar/tos-cn-avt-0015_0d44c3aa86775cf310f211a962c5f383.jpeg?from=2064092626,0,1,1764829413775,0,
7526430384596009738,2025-07-13 05:13:54,黑龙江,7526101634162937145,笑着笑着我哭了[泣不成声] 在星爸爸干了八年我是累下来的，虽然没有视频这种名场面，但是忙碌是日常，缩减人力2个人顶5个人干一整天从开店干到打烊！日复一日的崩溃，还有数据的要求，还不能有顾客抱怨…万般不舍的下来了，因为还是命重要！[泣不成声],76814035959,MS4wLjABAAAAom-AftcC1V_8WJwOv-v9DWvaMTfvIh5kPa2W2OBmY8U,202356916,ML_0452,,茉莉,https://p3-pc.douyinpic.com/aweme/100x100/aweme-avatar/tos-cn-avt-0015_998678c1ffc94f0a1061f52456c5fe9d.jpeg?from=2064092626,0,2,1764829413775,0,
7531767990048670464,2025-07-27 14:26:33,广西,7530986592807243054,什么时候约一下，移动，联通，电信谈一下就好了,958364529208013,MS4wLjABAAAAAoRiT5S6ggbQyqrJa0-5hbjOvNG5TQSbrkgv0Atb1HA,3326501861,dyso1ogyu9bj,,一笑而过,https://p3-pc.douyinpic.com/aweme/100x100/aweme-avatar/tos-cn-i-0813_owwt9dmisPAABIHKcxPAZPA0PiIBwiAEGgIz1.jpeg?from=2064092626,121,4872,1764829420855,0,
7531961887337677627,2025-07-28 02:58:57,广西,7530986592807243054,受伤的还不是骑手。薪资福利大降。要想保持和外卖三国杀之前的薪资你要比以前的多努力跑一到两倍，付出的劳力和薪资成负比。你以为只有商家伤？其实骑手的伤是不被看见的,166714515915863,MS4wLjABAAAAnUJ-8iZ4Tk8LOblJEs5iw6R3Ulzo6cqsouxPoqxC3-U,3062932169,dyb01lxjx5ye,,眼镜哥与小酒窝,https://p3-pc.douyinpic.com/aweme/100x100/aweme-avatar/tos-cn-i-0813c001_owYmZrAA1RGjBIAB5vPPAGH1iQIkNVADkZijE.jpeg?from=2064092626,3,10,1764829420855,0,
7531796653620085564,2025-07-27 16:17:46,广东,7530986592807243054,我是商家，不知道其他人，我是没有增加补贴的，就是原来实收多少现在实收也差不多多少，但是明显外卖订单变多了很多，但是堂食变少了很多，总的来说，营业额增多了，利润也增多了，所以并没有比之前差,3048270927768516,MS4wLjABAAAAEEI2aHuobp_H3TwFTRairDV0nV7QG_p2i4kbFBbntcUX7fR9hDhnXzIABMd6FoUg,28451868968,28451868968,,墩哥,https://p3-pc.douyinpic.com/aweme/100x100/aweme-avatar/tos-cn-i-0813_11d82b368ff04cb78bd48f667078f905.jpeg?from=2064092626,5,18,1764829420859,0,
7531752717971522361,2025-07-27 13:27:15,广东,7530986592807243054,阿里肯定不会亏，他广告经费是六百亿，你说他外卖补贴会亏损400多个亿，那对他来说还挣了一百来亿，而且这四百亿的外卖补贴可以给他的电商带来千亿的盈利，所以阿里在这场补贴大战中可以说想打多久就打多久，某东跟得起，但是美团绝对跟不起，因为美团主业是外卖，而另外两家外卖只是副业。主业打人家副业可想而知赢不了[抠鼻],1964176612793251,MS4wLjABAAAA6O5pHL9Fy5TddFjxSxmlzr4cC1njErQIx9Ctpmr0rfeL_qPq3FlOwnUoKUjd8mnK,87172695713,87172695713,,蘑菇🍄,https://p3-pc.douyinpic.com/aweme/100x100/aweme-avatar/tos-cn-i-0813c000-ce_oAEWIAEA9qc1AVDngFDtfUsLMufAFEAwe9q4Et.jpeg?from=2064092626,0,3,1764829420860,0,
7539638290606654248,2025-08-17 19:27:38,广东,7530986592807243054,京东说我们免平台费，但是每单3元服务费，另外配送费统一3块，假如100块分5份20块订单，或者订单平均1-2两份，服务费则收8-15块，噱头出来个个以为京东平台很好，这不就跟几年前美团，饿了么，百度，谁出来不都没有平台费，还真没啥服务费。,71381098998,MS4wLjABAAAAsXHWEqGHEqY4iaL11PhDwbdUW0opqBYPze-Fv4kuC4U,88115952,vf9988,,陈记佳飨潮州牛肉火锅,https://p3-pc.douyinpic.com/aweme/100x100/aweme-avatar/tos-cn-i-0813c001_og5BGf9heAo7DyAIAFjEAaEa7BQFEq5FSOe4AA.jpeg?from=2064092626,0,1,1764829420862,0,
7532367066612433723,2025-07-29 05:11:16,陕西,7530986592807243054,通古博今，知识渊博。口若悬河，滔滔不绝。思路清晰，才思敏捷。唐宗宋祖，稍逊风骚。一代天骄，成吉思汗，只识弯弓射大雕。俱往矣，数风流人物，还看今朝唐子琪[赞][赞][赞],100385000682,MS4wLjABAAAALZ2gB61Jmcgaq1DZ1jrhostzFHWfHHYgAvqoFEiGAmg,10694632,,,痞佬,https://p3-pc.douyinpic.com/aweme/100x100/aweme-avatar/tos-cn-i-0813c001_3362296ad1ec4604b1bb1a83d4358a7c.jpeg?from=2064092626,0,4,1764829420863,0,
7532526638774633243,2025-07-29 15:30:32,辽宁,7530986592807243054,得了吧，用了券，买的东西就会缺斤少两，奶茶里的小料明显感觉少了很多，甚至都没有...我们店也是餐饮，但是老板就是不上外卖，因为外卖扣点太高了，即便没有竞争，外卖扣点就低吗,93430845308,MS4wLjABAAAALIRlTWGbDTNloGVlGG1mrXwFYSg71S3Iu_zvfNlVkGM,1182362251,S.C.SNOV1,,随鑫乄鎍欲↘,https://p3-pc.douyinpic.com/aweme/100x100/aweme-avatar/tos-cn-i-0813_o494e5AIIHGA8GOLWSEeBQtsuAcB7BAAEgYreg.jpeg?from=2064092626,0,1,1764829420865,0,
7531837959315850024,2025-07-27 18:58:28,广东,7530986592807243054,宁愿不要这个商业大战把出品做好 消费者要的是一个品质 虽然便宜了，但是品质也跟着下降了，吃的也都是抑制的东西 商家的服务也跟着下降了[流泪][流泪] 之前没有商业大战的时候，商家的服务和品质都会很好,77085313737,MS4wLjABAAAABzwbwDMVa-b-rol3YA35snTbzBeiA6iiuQnG-ZeVSTA,689962843,hsp6666666,,明日时尚~平果,https://p3-pc.douyinpic.com/aweme/100x100/aweme-avatar/tos-cn-avt-0015_3245fd6a1945435def8173f2a4696a08.jpeg?from=2064092626,0,2,1764829420867,0,
7532294307295544121,2025-07-29 00:28:57,四川,7530986592807243054,感觉最后还得堂食，圈子里餐饮的朋友以前是质量第一，口味第一，现在是能用冻货绝不用鲜货，能省就省，没办法，平台外卖搞不好还得亏。堂食就一点都不马虎,4169768606630039,MS4wLjABAAAAJEqiL5sAcdRXoFsvnsDICunBcZ1oV4UtL1tbio7V0Y16xjm4IkYlrnNW1jiy2qeO,23904401580,23904401580,,西宁二哥卤菜店配送,https://p3-pc.douyinpic.com/aweme/100x100/aweme-avatar/aweme_default_avatar.png.jpeg?from=2064092626,0,2,1764829420869,0,
7533264669831971643,2025-07-31 15:14:26,山东,7530986592807243054,1:56平台补贴为什么商家挣不到钱，商家挣不到钱不是说明补贴是商家给的不是平台给的，更何况外卖价格没有一个明显变化，便宜的那些钱商家如果想让利是可以一直做下去的（只是不挣钱，保本的买卖）,3117845432512412,MS4wLjABAAAA9oBicl6w9XZ75hmspNW9dGBAE3hjBpEcWbJjEW1a2oaSRJuqlpLwHN6SJdeGlaCi,2329902707,dymcn7vysmd2,,给瘸子拐杖装万向轮,https://p3-pc.douyinpic.com/aweme/100x100/aweme-avatar/tos-cn-avt-0015_dcf44872902d8aeba59a5776a74429e8.jpeg?from=2064092626,0,0,1764829420872,0,
7540559683087483694,2025-08-20 07:02:49,山西,7530986592807243054,输得都是个体户小餐饮老板，京东补贴顾客10块钱，商家7，京东3，美团饿了么也一样，商家是大头，但是那些连锁品牌的补贴分配就不一样了，有的是55开，有的平台要大于连锁品牌，而且连锁品牌的流量要大太多了，小餐饮关闭太多店了,70478014182,MS4wLjABAAAAfgFS_RtYKg4LBK_SvwLFxzs5QaQ-NSg9iUKZc_UPpg4,135456422,,,热心市民宋先生,https://p3-pc.douyinpic.com/aweme/100x100/aweme-avatar/tos-cn-i-0813_okv0d7gbjDAfTAflAGAmQjIWbbAGMCAD7nj9y8.jpeg?from=2064092626,0,1,1764829420882,0,
7531721177208931111,2025-07-27 11:24:56,四川,7530986592807243054,这些大佬更应该学习，更应该为历史的新篇创新推进。他们这么多投入到A|投资，美食升级提升，文旅投资，为出海布局，那利人利巳。可幸终止。为止世人也借这面镜子，扎根学习，精细，创新，做一个有温度的商人吧！[感谢],2098321770153239,MS4wLjABAAAAZK2nsRsgu98G2PC60EHkcItdHRW8UJucn2a68Ji3QnfCtkjyFgduwrDePNtAqM32,75301080638,75301080638,,步浪商业说,https://p3-pc.douyinpic.com/aweme/100x100/aweme-avatar/tos-cn-i-0813c001_o4CBmND4FAUeaj1tA70vAEdBhgeEIGAfAPxpPE.jpeg?from=2064092626,0,8,1764829420882,0,
7533285801216705314,2025-07-31 16:36:30,安徽,7530986592807243054,做品牌小餐饮的，京东刚做的时候还有点利润，后面其他两家也猛猛放优惠补贴，都是从商家头上扒的。不扣份量，不用低端食材，利润也就一两块一单。给店里大家伙干的累的要死，一天也就三四百利润，只能一起卷,62497163164,MS4wLjABAAAA_qXYPmPJHiCfzpjMVblbQAmpBMOx1q3EaO4nbTKuUkk,29101174,,,豌豆,https://p3-pc.douyinpic.com/aweme/100x100/aweme-avatar/tos-cn-avt-0015_4b08683cba4e1103102af2e5f39a0dda.jpeg?from=2064092626,0,2,1764829420884,0,
7531770047077942066,2025-07-27 14:34:30,浙江,7530986592807243054,就算一天只有几单，我都不参加膨胀红包劵，18元的卷商家承担12，15的卷商家承担10，美团给我上了我撤销上了我撤销，反反复复七八次，投诉了三四次，后来才没给上红包劵,72224316236,MS4wLjABAAAADGZGthCHFiFmpjKpUM5xZoB5bvE_w1ig4X_IY6-61f0,276030390,,,Xiong🇨🇳,https://p3-pc.douyinpic.com/aweme/100x100/aweme-avatar/tos-cn-i-0813_oACVAEfZwFBAWARAEoEDmBfmIAyvgAb2ANlcm9.jpeg?from=2064092626,0,3,1764829420890,0,
7562107844229956406,2025-10-17 08:40:39,广东,7530986592807243054,你们可知道便宜的外卖都是怎么做出来的吗？想知道的就去注册一个骑手兼职跑几天看看你们还想不想点外卖[捂脸],86646139102,MS4wLjABAAAAjU4l7TORJgXrouW9dUTX5-2MGE8oIfp3VMKB_Oj8Qac,830654362,,,沈鴻健,https://p3-pc.douyinpic.com/aweme/100x100/aweme-avatar/tos-cn-i-0813_4b8d07f8886040cf8d29d83e32d44c88.jpeg?from=2064092626,0,0,1764829420890,0,
7579882994060919578,2025-12-04 06:17:18,广东,7578772722260479251,这不是好事吗，利好老百姓[捂脸][捂脸],98826969307,MS4wLjABAAAApxVogCgfZM-SJzo1RJ3zxcMb0lOtneETVebp7DZiVLk,1149987853,,,峰、,https://p3-pc.douyinpic.com/aweme/100x100/aweme-avatar/tos-cn-avt-0015_343551671ebb51d4a754f211ecb3c817.jpeg?from=2064092626,0,0,1764829428024,0,
7579870606595982115,2025-12-04 05:29:16,江苏,7578772722260479251,你怎么能知道他亏钱？那你肯定知道谁赚钱了，是不是点外卖的赚了。还是驾驶肉包铁的外卖小哥赚了？亏钱了人只会越过越好。财富会更多。就2个字他妈的,3437496611380969,MS4wLjABAAAAtBMrr30DYInpaz4KTZk35rPQ6s3L4GfbLAX89CrEHlZUuJQRrhU7SScmSMjZGL8E,48722992848,48722992848,,用户3437063576098,https://p3-pc.douyinpic.com/aweme/100x100/aweme-avatar/aweme_default_avatar.png.jpeg?from=2064092626,0,0,1764829428024,0,
7579872048895001387,2025-12-04 05:34:50,广东,7578772722260479251,不要脸，我就不知道平台怎么亏？所谓的百亿补贴吃的全是商家的钱，还把骑手的单价降下去了。,68280761562,MS4wLjABAAAAQxQ8H5_aUrvZXmf-52jnNSMc-cgmiUtIsigk75tC1i4,1246114054,,,新加入,https://p3-pc.douyinpic.com/aweme/100x100/aweme-avatar/53f42f2d28c1c0440e97f4447d89558d.jpeg?from=2064092626,0,0,1764829428027,0,
7579875331294905097,2025-12-04 05:47:35,广西,7578772722260479251,[捂脸][捂脸][捂脸][捂脸]外卖巨头只是少赚。商家被[笑哭][笑哭][笑哭][笑哭]强制上黑车做满减，搞福利，消费者以为吃这优惠的套餐，其实也在吃商家偷工减料拉回成本的廉价食品,96526255294,MS4wLjABAAAAx5zSxdaRWKJ0W3xVG3D9gL7XnaIpZDkbr4Q8WSYx33k,821268075,,,蒋春龙,https://p3-pc.douyinpic.com/aweme/100x100/aweme-avatar/tos-cn-i-0813_98e13288a75f406695ca7efbf8cc5c42.jpeg?from=2064092626,0,0,1764829428028,0,
7579862782150804261,2025-12-04 04:58:52,安徽,7578772722260479251,京东是真补贴，给客户优惠给商家免佣。商家有利润才能做优质的东西给你们吃 美团呢给客户补贴 里面有一半要商家补 那你觉得你吃的东西真的可以吃吗,96889120037,MS4wLjABAAAASlwtnhJcetvmymaqODUNdKIWFukTxHcw8UhR6WSprJ0,816789758,lwy1360653536,,凌风,https://p3-pc.douyinpic.com/aweme/100x100/aweme-avatar/tos-cn-i-0813c000-ce_o4AAOoP1IEPknvyCZMaiAaBnIqimhABZiAPA8.jpeg?from=2064092626,0,0,1764829428028,0,
7579884326902678272,2025-12-04 06:22:31,广东,7578772722260479251,拼服务？就是压短配送时间，让外卖小哥街头狂奔？,101686279193,MS4wLjABAAAArAXJwa7AD1xFtbBfFYSKRAoJSArOZ8MbcV0YG33Mddg,1160559007,,,@..@@..@,https://p3-pc.douyinpic.com/aweme/100x100/9897001dcf1aff6f113b.jpeg?from=2064092626,0,0,1764829428028,0,
7579869431800005413,2025-12-04 05:24:41,浙江,7578772722260479251,真的希望关闭外卖平台  让街道回归人来人往这样不好吗,100394797058,MS4wLjABAAAAAv6bbwo3rkQKPmF8V-U8owiPWJbEA6K3Di5_sDrhMSo,1068230882,,,正宗福鼎肉片,https://p3-pc.douyinpic.com/aweme/100x100/aweme-avatar/tos-cn-i-0813_ooaRgbBAAI0AiDakpCfCeIEPg0ylsVAPAiADkE.jpeg?from=2064092626,0,0,1764829428032,0,
7579876394488202018,2025-12-04 05:51:44,广东,7578772722260479251,少赚800亿等于亏800亿呗？所有补贴基本在商家那里出,786861309827486,MS4wLjABAAAA9i6CH9-DSWWCndmYIP6CK781VxoWs5gHkQpQZCn8XpE,3427985446,dygnvds0im8f,,ming,https://p3-pc.douyinpic.com/aweme/100x100/aweme-avatar/tos-cn-i-0813c001_o8LLLAnLIBEDAEu5bBAAQRA8dxvkseQfe0b7GH.jpeg?from=2064092626,0,0,1764829428034,0,
7579871035685389093,2025-12-04 05:30:55,广东,7578772722260479251,少赚800亿…………说明还是赚的，只是少赚了[捂脸][捂脸],3171445860214592,MS4wLjABAAAAFU6v808oiixOhfkzPWuyHhGzuKqtCRXnDwtO8Bm1qHYur75_2VHqGUuTgQS6w0R6,22121689324,cxbsx9988,,嘉+嘉,https://p3-pc.douyinpic.com/aweme/100x100/aweme-avatar/tos-cn-i-0813_owWKwmpAIlPArBwqBA11RIiwgZiaZ0lAEdSAP.jpeg?from=2064092626,0,0,1764829428036,0,
7579867086111130405,2025-12-04 05:15:36,内蒙古,7578772722260479251,美团亏的是商家和骑手的钱[灵机一动],103403430101,MS4wLjABAAAAKyQrGzyUVL1zJWo-sTws4dI5pgnJfMqb5fwm9GD9O2k,1317305743,xz076,,佳宏✨,https://p3-pc.douyinpic.com/aweme/100x100/aweme-avatar/tos-cn-i-0813c001_b43299213e7e493fa82bddf7c71ce3b4.jpeg?from=2064092626,0,0,1764829428037,0,
7579865927615152947,2025-12-04 05:11:05,广东,7578772722260479251,商家强制补一大半，他们只是少赚了，亏的是商家，你得搞懂。多少店铺搞倒闭了,62060211803,MS4wLjABAAAAnHel3IzrkL4VoruYcYDhcKSr68kwVFf71Sn9s_edfP8,1517309214,,,知爸,https://p3-pc.douyinpic.com/aweme/100x100/aweme-avatar/tos-cn-i-0813_470b8faa7a6e46718c68f27262d57392.jpeg?from=2064092626,0,0,1764829428037,0,
7578913737023062821,2025-12-01 15:36:07,广东,7578772722260479251,"外卖就应该提高配送费，20-100的配送费，商家保留堂食价。平台也好抽点，让平台和商家回归合作关系。
让有实力的懒人多消费。没钱的懒人就出去自己买菜或者去堂食。没钱就别懒了。
要叫停低价边际效应了[微笑]几块钱含餐费配送费的羊毛没有任何人得利益。“懒人经济”是要服务有实力的懒人，没实力的懒人就别怂恿惯着他们了。[微笑]",3759967297865406,MS4wLjABAAAAbIaBHLej5n-Wb0YOTdF4GEVvTumKS-AoHPpxygW2DG8nwCwNlWjuxIC1ptYYLtSQ,2930058716,HIn26219,,米奇零星家厨,https://p3-pc.douyinpic.com/aweme/100x100/aweme-avatar/tos-cn-i-0813c000-ce_o0BMziAhaHVaPhABDIkDABvUMwiAALmMn9cPE.jpeg?from=2064092626,1,3,1764829428037,0,
7579884535795893030,2025-12-04 06:23:19,山西,7578772722260479251,平台百分百不亏,4503663330015453,MS4wLjABAAAARVPkXv5K90aPtABlo-HkPvvVWJAPq7mAwUOWZbbO6WyssWSifw8U8IF67jNpPZsz,3139600939,fan502408708,,大话西游二乐乐,https://p3-pc.douyinpic.com/aweme/100x100/aweme-avatar/tos-cn-i-0813_ogfr9fvD0CAi2cKEAIiAyAA8jVqgVoyxBA9TiD.jpeg?from=2064092626,0,0,1764829428037,0,
7579079148666061608,2025-12-02 02:18:00,广西,7578772722260479251,@一拳超人: 客户实付22，商家到手7块多、客户感觉付20多要吃点好的、商家感觉到手7块多只能吃这么点、中间15左右的平台抽成、你感觉谁不赚钱、都是虚假报表、你们觉得呢？我不说哪个平台这么黑了、自己体会[鼓掌],100728721799,MS4wLjABAAAA5ZXZOoz-17CGx8SkfKgO5t_9jf2lAnwNcgS_Wp7mlsI,1092109546,,,用户6505926395975,https://p3-pc.douyinpic.com/aweme/100x100/aweme-avatar/aweme_default_avatar.png.jpeg?from=2064092626,1,12,1764829428043,0,
7579881157677384497,2025-12-04 06:10:11,福建,7578772722260479251,一单1.8能亏？,105800660188,MS4wLjABAAAAkUJYBwFJs37goVIRgdvqnJGqBmrtBmudgVNvz7lQ1Iw,1684521460,yesuaiwo520.,,、春花秋月奈何天,https://p3-pc.douyinpic.com/aweme/100x100/aweme-avatar/tos-cn-i-0813_owzoM83dBQeEgNfRcAMAXE7EQi7nAAfoFBwANB.jpeg?from=2064092626,0,0,1764829428043,0,
7575342363268334382,2025-11-22 00:37:22,山东,7574336855009725706,饿了么改名闪购，美团到处和人说它死了[杀马特],22778776678,MS4wLjABAAAAI9YuvKRVoetnwZWCo8l2VPQaXKsdhXsAbQwxGAJ4CmU,63305435,,,别来无恙,https://p3-pc.douyinpic.com/aweme/100x100/aweme-avatar/tos-cn-i-0813_owvzyEeDANBfdwDibdi0REAEA7A1IgC4BWAD0A.jpeg?from=2064092626,7,370,1764829435088,0,
7574431586956624689,2025-11-19 13:43:04,黑龙江,7574336855009725706,我把美团都卸了，之前买了一家三口的电影票，当时写着开场前多长时间可以退票，然后临时没有时间去不了了，我提前一天退票，告诉我退不了票了，结果原来提示的随时可以退票的内容已经改了。我不允许退票，打电话问，告诉我要打电影院的电话。人家电影院不负责，我是在美团买的，说跟他们没有关系。最后我把美团卸了，哪儿不能买票[捂脸][捂脸][捂脸]我已经二年没用美团了[笑哭][笑哭][笑哭],734068799964884,MS4wLjABAAAAiCptndHrAFdj2DGpPb_0aKvTe2FNEUsocW3WsmSHraw,2340657419,zjy1854511998,,花月正春风,https://p3-pc.douyinpic.com/aweme/100x100/aweme-avatar/tos-cn-i-0813_f2a8f7adb22f4c02a482902165fbb2d6.jpeg?from=2064092626,1,8,1764829435088,0,
7578767898576143161,2025-12-01 06:10:11,广东,7574336855009725706,"小橙现在飘了，20几分钟配送时间还玩插单玩得飞起，还要准时率
小黄吃个饭，再上个厕所，再抽一根小快乐，再去送都不超时
这样一对比哪一边的骑手心情好呢，哪边负面情绪多呢[呆无辜]",91704269220,MS4wLjABAAAAUlWZPBCJ2Z13wQA1BrpGxZJfJWdYd0StiO0IsFq8tNY,1246624160,,,小铭同学！,https://p3-pc.douyinpic.com/aweme/100x100/aweme-avatar/tos-cn-i-0813_d4e871575c2a47a0ad2803ab6917b04f.jpeg?from=2064092626,1,0,1764829435091,0,
7578200269097354042,2025-11-29 17:27:36,广东,7574336855009725706,美团送不了的，京东能送，特别是偏远地方[九转大肠],106105453782,MS4wLjABAAAA2Uftr2NvAqU3bxfwDIVNAhcU0EpfNx3gBghdqrFA95c,1705022508,,,小小欧,https://p3-pc.douyinpic.com/aweme/100x100/aweme-avatar/tos-cn-i-0813c001_5ed491fb162d462daeb1e30c7b2a733d.jpeg?from=2064092626,0,3,1764829435091,0,
7574468792568136457,2025-11-19 16:07:28,广东,7574336855009725706,某团已经被我卸载了，闪购不仅可以微信付，还能花呗分期还能组合支付这一点已经超越某团，最后一点就是每次点餐，闪购都可以自动帮你用红包优惠，不像某团老奸巨猾把优惠劵放在最后给你选[微笑],1084537462858656,MS4wLjABAAAA8DIIMLxiFkHfpICXGnnQ4SDssqsRYna4EFCQLcQg4-Sz8SZKCcuUSCgaXyA-kCjP,88577665298,KonKonHYu,,小凡凡,https://p3-pc.douyinpic.com/aweme/100x100/aweme-avatar/tos-cn-i-0813_oImmADgIiAFHAsWfAgjYICoBeE9wjAoBEQ2CAY.jpeg?from=2064092626,4,14,1764829435093,0,
7574704594207441674,2025-11-20 07:22:28,广东,7574336855009725706,闪购刚开始打的时候还是很便宜的，现在有点回升了，但是美团是基数大更实惠，比如点够38就减18，前几天还给我减24了，但是单品购买还是闪购划算，比如你要点一杯奶茶，那美团是16，闪购就13,95419677285,MS4wLjABAAAAwRHvM23UQL5936myraf5BbRSIjfiT1jABAhZTo-n_3Y,593330350,,,半仙姐姐,https://p3-pc.douyinpic.com/aweme/100x100/aweme-avatar/mosaic-legacy_2f1990006a0c7456b123c.jpeg?from=2064092626,0,8,1764829435093,0,
7575750353715561265,2025-11-23 03:00:34,重庆,7574336855009725706,最恨美团！以前有次买东西，莫名其妙被查征信，居然是贷款购买！到了快还款日期，收到短信才发现，20几元的东西，我居然在贷款！马上跑去打征信，发现确实这笔真的上了征信报告！从此，对美团只有恨！[发怒],3289381972751165,MS4wLjABAAAAYM9oqAsT3s789w0SWhBtvDjHCMF-zSDfjfFSH-H1cW-PKdJqJWFjYqXXnF3rb24g,4147181756,tutuerduo890,,兔兔耳朵,https://p3-pc.douyinpic.com/aweme/100x100/aweme-avatar/tos-cn-avt-0015_e8804e256e17414acb29f86a671d3f88.jpeg?from=2064092626,0,3,1764829435093,0,
7574691935337431857,2025-11-20 06:33:22,上海,7574336855009725706,饿了么其实还有抢救的机会，市场知名度其实并不低，蓝队可以自己开个连锁餐馆，骑手是现成的，直接搞个打工人工作餐项目，一二线城市工作餐配送，10元一份，定的多还能打折[微笑],72102212976,MS4wLjABAAAABDbJmd15ygqC0pIwJeEvl4jTMaSFNfwGbletOQIJMYs,272954463,,,上天入地无所不能,https://p3-pc.douyinpic.com/aweme/100x100/aweme-avatar/mosaic-legacy_31636000460909eda9af9.jpeg?from=2064092626,4,6,1764829435097,0,
7574456141574161189,2025-11-19 15:18:21,四川,7574336855009725706,我在支付宝闪购点了2次，第一次直接放地下室门禁，第二次放门口，就在aPP拍个照片就点了送达，不看都不知道餐有没有到，电话也不打门也没有敲，就放地上拍个照片，我真的很反感[困],100767994163,MS4wLjABAAAAsYiUguS4y0xPrP_FUlgO8AjwNnSEulMnG4YNLO7O9Lo,1094898527,,,向前奔跑的蜗牛,https://p3-pc.douyinpic.com/aweme/100x100/aweme-avatar/tos-cn-avt-0015_d041c70bb67268caab8750a96e71d9fb.jpeg?from=2064092626,6,3,1764829435098,0,
7575216900570022699,2025-11-21 16:30:31,广西,7574336855009725706,这一波饿了么明显比之前牛批了很多，我这里是乡下，以前都只点美团，最近京东、饿了么，都能用了。3个平台里，最快的是饿了么，美团最稳定，京东经常找不到骑手。三个平台给我的体验最好是饿了么。,72514517039,MS4wLjABAAAA-1DLxOnej3FdXOBQMhCMwWdKNLyb7rdHtmNNlPe0DqQ,1224741774,zhwww8967,,大笨象,https://p3-pc.douyinpic.com/aweme/100x100/aweme-avatar/mosaic-legacy_2f147000289b898e5df92.jpeg?from=2064092626,0,0,1764829435099,0,
7575791566881030970,2025-11-23 05:40:30,辽宁,7574336855009725706,美团太黑了，黑商家，黑用户，原来就用蓝的，同一家店，饿了么比美团便宜。有京东开始就换着用，反正不用美团[吐血],3477131437023371,MS4wLjABAAAAHyf7nTgFjAQ0VS3bG-ZQgFz_Y-X3iRtBFb7pEB8b5pMnQAtucNdfoZGsR6yOJmWg,44450021076,44450021076,,林昕,https://p3-pc.douyinpic.com/aweme/100x100/aweme-avatar/tos-cn-i-0813c000-ce_oomEAUIfAeGpFEA1I2YW9bwDwEMAehAdwlH6QA.jpeg?from=2064092626,1,3,1764829435100,0,
7578470288599597883,2025-11-30 10:55:18,贵州,7574336855009725706,有了京东和闪购，基本上没打开过美团了。[尬笑],54640386218,MS4wLjABAAAA2ClPjViO1qwXgNPUfWC8a24Vc1SEk-VkajkKLKMowck,197295358,,,系我,https://p3-pc.douyinpic.com/aweme/100x100/aweme-avatar/tos-cn-i-0813_a1308fde222d4cc7aee49a94c7b74b63.jpeg?from=2064092626,0,3,1764829435101,0,
7574766974959354675,2025-11-20 11:24:32,河北,7574336855009725706,坚决支持各省市有关管理部门取缔外卖！！食品卫生不达标！外卖员造成各种交通事故数不胜数！自己在家做饭又卫生又锻炼生活能力！,3879522913225208,MS4wLjABAAAAgIFhYnpLNmJ4ppifFCeFpX5DNrB8WBY-MHnq8-r9BoqqCYEcpHyV7-JEE03pDIBh,43801645561,43801645561,,飞翔,https://p3-pc.douyinpic.com/aweme/100x100/aweme-avatar/aweme_default_avatar.png.jpeg?from=2064092626,0,1,1764829435102,0,
7574765483993269034,2025-11-20 11:18:46,广东,7574336855009725706,怎么有个营销号说美团送花是送饿了么一路走好[捂脸][捂脸],2755830910827115,MS4wLjABAAAAUb47m7SAFdxH_ZcGEqgesp7n8sfPdTUXMr8PlwrMxkawfw8-RFECu8YH119i4RVB,64971315815,64971315815,,少爷,https://p3-pc.douyinpic.com/aweme/100x100/aweme-avatar/tos-cn-avt-0015_b2ddf2b51fdff01053e1653e5e2483b0.jpeg?from=2064092626,0,1,1764829435104,0,
7574445422941766443,2025-11-19 14:36:46,安徽,7574336855009725706,我店里头平均4单饿了么才会来一单美团   平均20单饿了么才会来一单京东  不知道什么原因,66764718050,MS4wLjABAAAAncRIbw2Q_Z1WD_6jQ7vduExgsyVcQCLv7EFKpbUa__0,61242579,,,逐风追月,https://p3-pc.douyinpic.com/aweme/100x100/aweme-avatar/tos-cn-i-0813c001_oIaHPAA5PEIIPBggBUi7YiCAIPGFA8xgck4iA.jpeg?from=2064092626,2,20,1764829435106,0,
7536889706878731062,2025-08-10 09:41:30,广东,7536888786353982760,反正是我作为消费者，我少花钱了。,2834977356781408,MS4wLjABAAAAOAuReKiZBNySoP3q7nQo8RvlEMEmcqtfm5OstxtjsHMKraNWUPs_fS2GFf7QIe1o,91144737434,91144737434,,Q弹瀑汁丸,https://p3-pc.douyinpic.com/aweme/100x100/aweme-avatar/tos-cn-i-0813_o8PCsom4EIVTAFLHEANIAgAdeBA4CgDmAQgf9O.jpeg?from=2064092626,4,60716,1764829442152,0,
7536890330646496035,2025-08-10 09:43:50,云南,7536888786353982760,我还以为是平台在补贴，原来是商家自己承担啊,4011482403570503,MS4wLjABAAAAm6LwBC4kTiR_7rPZ_Ve_NLhDZ59bVW4get0FoZTcVpLA9_ORBmYyjEvFyFDhwU77,57208755229,57208755229,,黍悸,https://p3-pc.douyinpic.com/aweme/100x100/aweme-avatar/tos-cn-avt-0015_a3e6eb616179598abd932fadda5a4dca.jpeg?from=2064092626,3,26734,1764829442152,0,
7536891124436255539,2025-08-10 09:46:55,江苏,7536888786353982760,早就看出平台的套路，上了3个月就果断下架。谁来说都不上。商家要想挣钱就会想法减成本，食材的质量就没有保障。没有堂食的外卖更没有保障。自己的身体，最好是出门走几步去实体店亲眼看看自己的餐是怎么做出来的，一个人自已都不爱惜自己的身体，别人更不会。,3679444873774151,MS4wLjABAAAAp2X93nDu0NKTNi3nFPe4tLtj4EHihGUSqmOOLrEIze4_U89QjVwCeMH5vxLF69RK,56351613462,AAN0000002,,津浦土豆粉128,https://p3-pc.douyinpic.com/aweme/100x100/aweme-avatar/tos-cn-i-0813_okAAA4Gc0KoIfCZAxDBJCEGxD3n9ifigATZAw3.jpeg?from=2064092626,0,2,1764829442152,0,
7536890247226786618,2025-08-10 09:43:31,湖南,7536888786353982760,严惩外卖平台。还商家一个公道。抽成高达百分之30,96581778548,MS4wLjABAAAAV3k3HwhlsvlSgPKNOQMlAnVuvpTmqeFygyj5eoNByA4,846251366,,,发泄你的美,https://p3-pc.douyinpic.com/aweme/100x100/aweme-avatar/tos-cn-i-0813_f8a3fbc737aa4510859c85ed9a2f11cf.jpeg?from=2064092626,1,163,1764829442158,0,
7537333821767877430,2025-08-11 14:24:49,广东,7536888786353982760,做电商的出来说话啊！[流泪]他们做外卖的一个星期就受不了了，我们做电商的亏了将近两年多了怎么没人出来说话的[流泪],95953355585,MS4wLjABAAAAAYLohTusIoRbXEN1ulVSQHCzkyj0TRzXzu4DUIlQTVQ,622903927,,,农村钟姐,https://p3-pc.douyinpic.com/aweme/100x100/aweme-avatar/mosaic-legacy_8ae400268c7e7eadb4e0.jpeg?from=2064092626,1,364,1764829442159,0,
7536886674291426075,2025-08-10 09:47:45,河北,7536888786353982760,这些互联网巨头把社会搞得一地鸡毛，大家都在赔钱，夫妻店纷纷倒闭。。。,75016452394,MS4wLjABAAAAP8jbytTHL5Vd9i02O6ATG7PDt6YZXrqgV6T6w5gFz8U,119220418,,,庖丁解梦299792458,https://p3-pc.douyinpic.com/aweme/100x100/aweme-avatar/tos-cn-i-0813c001_oMAxAA2HIwPBIAsNLvgZiEDdosNLoii5AgLgj.jpeg?from=2064092626,0,264,1764829442159,0,
7536909155458974499,2025-08-10 10:56:54,,7536888786353982760,国内别卷了[捂脸]有能力的到全世界卷[比心][比心][比心]小文旅祝朋友们都好运[比心][比心][比心]有空来云南玩 [流泪][流泪]有缘见到的朋友，给我们这的边陲小文旅一个关注[右边]⊕[流泪],783306309514237,MS4wLjABAAAAU-j6ktoLxy9BXqK3ojNzbEiFGNn6aBIV3X5jemz4mnk,98781319034,98781319034,,陇川文旅,https://p3-pc.douyinpic.com/aweme/100x100/aweme-avatar/tos-cn-i-0813_oAEFMACyER9CCtAsGfrMFIWfm2AaDDydhAEgAA.jpeg?from=2064092626,0,404,1764829442159,0,
7536892037577442089,2025-08-10 09:50:28,河南,7536888786353982760,还有各个视频平台，规范一下吧，VIP之上还有svip，电视端还得单独买会员[泪奔][泪奔][泪奔],106123714760,MS4wLjABAAAA2CXI0Q-at8K-5fpzZUg3EWiNabvvBlbA_GbrCRjqsGQ,1704971662,,,央央◡̈,https://p3-pc.douyinpic.com/aweme/100x100/aweme-avatar/tos-cn-avt-0015_3040974db1ac7df4751495c08e70cad4.jpeg?from=2064092626,1,888,1764829442163,0,
7536893349736252160,2025-08-10 09:55:34,新疆,7536888786353982760,国家应该规定所有平台的抽成才能更好的管理平台。,70720127441,MS4wLjABAAAAvSZTtIt0IwU7T0JsQ4n27lDomWvkJPmtNFR0oo1xzmE,1856490471,,,皖K(刘),https://p3-pc.douyinpic.com/aweme/100x100/aweme-avatar/tos-cn-i-0813c001_oUCAUtQ6IEPVZvK9OIaiALBgNKikgAIJ0AaAo.jpeg?from=2064092626,0,243,1764829442163,0,
7536892820738900793,2025-08-10 09:53:31,广东,7536888786353982760,都是平台挣了你们商家的钱！店老板成了打工人了[捂脸]你们看懂了吗？,102675373402,MS4wLjABAAAAsMGU6R3m03F78OKG1XuVa551zHoP5a6m2OUjiIRAA_c,1268528112,,,悟箜,https://p3-pc.douyinpic.com/aweme/100x100/aweme-avatar/tos-cn-avt-0015_27055bdad3873968ba6003bd51a85566.jpeg?from=2064092626,0,37,1764829442165,0,
7536891710724522786,2025-08-10 09:49:15,辽宁,7536888786353982760,看似外卖大战，其实是三家的共赢，三家的营业额都在爆增。羊毛出在羊身上[奸笑],1656282207751539,MS4wLjABAAAA4hO8sCyTuB-AXeQaRs9AJYGoVDcUOKcsZjR3zWgh4T-U8s6BxlByDGOi5eUEpdkV,66961870464,66961870464,,大程子妈妈💰,https://p3-pc.douyinpic.com/aweme/100x100/aweme-avatar/tos-cn-avt-0015_73a395f3a214558a684fd314ff220d42.jpeg?from=2064092626,0,18,1764829442165,0,
7536893214469718842,2025-08-10 09:55:01,湖北,7536888786353982760,今年的餐饮有多难做呢？就这么说吧，谢霆锋都出来开演唱会了,92954365692,MS4wLjABAAAA4hC2bRFymSxWt9y-zHdHTOU4OijnIpIhPWzVCmL_ALQ,353523955,,,奔雷手文泰莱,https://p3-pc.douyinpic.com/aweme/100x100/aweme-avatar/mosaic-legacy_729d002e513a952dba3d.jpeg?from=2064092626,0,8158,1764829442165,0,
7536891642285966080,2025-08-10 09:48:59,辽宁,7536888786353982760,所以说 平台一个卖信息的为什么能收提成 还收三头的,92833825376,MS4wLjABAAAARG4GX1cm6NGus7Jv2CHyOIaqSp76eGio1H7l78y7hTo,1235738659,,,冰冻全世界,https://p3-pc.douyinpic.com/aweme/100x100/aweme-avatar/tos-cn-i-0813_1fc8cc796bcc4aeba6292621368d1c02.jpeg?from=2064092626,2,241,1764829442170,0,
7536890346967057203,2025-08-10 09:43:54,新疆,7536888786353982760,老百姓享受到了啊,77065796392,MS4wLjABAAAA9qOpxIDK6Q7fKmpkEvfQaXNpxtx_QqJOrc3PG6ag96w,192906657,,,失落的宝藏,https://p3-pc.douyinpic.com/aweme/100x100/aweme-avatar/tos-cn-avt-0015_1c68ecfbb1ee0bd4d59b85af084fbd3a.jpeg?from=2064092626,3,76,1764829442171,0,
7536894109451010867,2025-08-10 09:58:30,江苏,7536888786353982760,平台要赚钱，商家没利润，点的外卖食材，可想而知吧，细品，说不出病才怪……,61233383554,MS4wLjABAAAAVYgasBJjiTeWpQK_rpDzPuv5nogLgMQIcZWgegP5EFI,18836210,,,茉失茉忘,https://p3-pc.douyinpic.com/aweme/100x100/aweme-avatar/tos-cn-avt-0015_a010d831af0c6c0ae8ca4f065a3ae06e.jpeg?from=2064092626,0,149,1764829442172,0,
