﻿aweme_id,aweme_type,title,desc,create_time,user_id,sec_uid,short_user_id,user_unique_id,user_signature,nickname,avatar,liked_count,collected_count,comment_count,share_count,ip_location,last_modify_ts,aweme_url,cover_url,video_download_url,music_download_url,note_download_url,source_keyword
7572124693063623525,0,外卖大战现状：商家大批撤离，员工收入缩水 #外卖 #美团 #京东 #AI抖音问答榜样,外卖大战现状：商家大批撤离，员工收入缩水 #外卖 #美团 #京东 #AI抖音问答榜样,2025-11-13 10:30:00,96600205230,MS4wLjABAAAAdUGNRgfeqZLxXoGZC-GifgEro-I1--M55YKWWgizCAI,,,,地球村讲解员,https://p3-pc.douyinpic.com/aweme/100x100/aweme-avatar/tos-cn-avt-0015_6953ee9cde760607a0e5a7ab125eff39.jpeg?card_type=153&column_n=0&from=327834062,11958,974,1304,1468,,1764829351782,https://www.douyin.com/video/7572124693063623525,https://p3-pc-sign.douyinpic.com/obj/tos-cn-i-0813c000-ce/o8xMlBapAVmpAiivnXAAR7zBDhjGPxEoAIAAW?lk3s=138a59ce&x-expires=2080188000&x-signature=wgrksDlC1Y4YRHu3rx%2BmAJREGb0%3D&from=327834062&s=PackSourceEnum_SEARCH&se=false&sc=cover&biz_tag=pcweb_cover&l=202512041422294E342C5777FF706FE651,https://www.douyin.com/aweme/v1/play/?video_id=v1e00fgi0000d4ape6nog65nomb8md80&line=0&file_id=206553896e8c4639881c29d07a26e052&sign=ccadbd3e75542579f365c95d81355fc0&is_play_url=1&source=PackSourceEnum_SEARCH,https://lf26-music-east.douyinstatic.com/obj/ies-music-hj/7572124697312398137.mp3,,外卖大战
7579151129758469428,0,#外卖大战烧掉800亿元 ，#外卖大战或将迎终章,#外卖大战烧掉800亿元 ，#外卖大战或将迎终章,2025-12-02 06:57:25,98524606968,MS4wLjABAAAAt6AsGhjrHeoxZNkceYg2J0FWvrWKzEaTAvF44-sPYco,,,,央视财经,https://p3-pc.douyinpic.com/aweme/100x100/aweme-avatar/douyin-user-private-image_c186842fad252ec7fae285c9dd8041a2_98524606968.jpeg?card_type=153&column_n=0&from=327834062,114129,6743,30176,224152,,1764829351787,https://www.douyin.com/video/7579151129758469428,https://p3-pc-sign.douyinpic.com/obj/tos-cn-i-dy/47c8b95a30cf4f668a876fb97438b4dc?lk3s=138a59ce&x-expires=2080188000&x-signature=mGx0x6mjebD2WqCQYkV7srU4Fxs%3D&from=327834062&s=PackSourceEnum_SEARCH&se=false&sc=cover&biz_tag=pcweb_cover&l=202512041422294E342C5777FF706FE651,https://www.douyin.com/aweme/v1/play/?video_id=v0d00fg10000d4n8rbfog65mpau6pud0&line=0&file_id=0c9504ff3cc0402085d59b7a0d485ed7&sign=d2ee120208949f75137710eb1285a39f&is_play_url=1&source=PackSourceEnum_SEARCH,,,外卖大战
7536899670698675494,0,#外卖大战“卷”坏商家  不少餐饮商家反映，“补贴战”打起来，订单多了反倒让店里的日子更难了……#每周质量报告,#外卖大战“卷”坏商家  不少餐饮商家反映，“补贴战”打起来，订单多了反倒让店里的日子更难了……#每周质量报告,2025-08-10 10:20:16,66598046050,MS4wLjABAAAAgq8cb7cn9ByhZbmx-XQDdRTvFzmJeBBXOUO4QflP96M,,,,央视新闻,https://p3-pc.douyinpic.com/aweme/100x100/aweme-avatar/tos-cn-avt-0015_75f45ba785aed27aec4604552fb0e8ee.jpeg?card_type=153&column_n=0&from=327834062,487498,22587,99333,196750,,1764829351789,https://www.douyin.com/video/7536899670698675494,https://p3-pc-sign.douyinpic.com/obj/tos-cn-i-dy/3a829d7602794b3abf53774e8799639f?lk3s=138a59ce&x-expires=2080188000&x-signature=0ch6zjyYUEhk65s3h0wMlEO5NqM%3D&from=327834062&s=PackSourceEnum_SEARCH&se=false&sc=cover&biz_tag=pcweb_cover&l=202512041422294E342C5777FF706FE651,https://www.douyin.com/aweme/v1/play/?video_id=v0d00fg10000d2c736fog65obid6estg&line=0&file_id=32cf0dcea8dd446d8869d0bc4f131acd&sign=dd0578dd8e8d38d92d064a43c39658b1&is_play_url=1&source=PackSourceEnum_SEARCH,,,外卖大战
7526136338526080294,0,这场外卖大战将载入中国互联网史册 #财经知识 #经济 #外卖 #京东 #外卖大战,这场外卖大战将载入中国互联网史册 #财经知识 #经济 #外卖 #京东 #外卖大战,2025-07-12 10:22:59,48024782647016,MS4wLjABAAAA_0YhWOn5ljVopcARIKtajFplrPi2_nHiChaJDJzLOXA,,,,一鸣财经,https://p3-pc.douyinpic.com/aweme/100x100/aweme-avatar/tos-cn-avt-0015_fd971fe8be28f26a2c32ac6e3e77b7be.jpeg?card_type=153&column_n=0&from=327834062,193618,33110,35171,201645,,1764829351792,https://www.douyin.com/video/7526136338526080294,https://p3-pc-sign.douyinpic.com/obj/tos-cn-i-dy/01b11a8c84374022a4c5142287cc408e?lk3s=138a59ce&x-expires=2080188000&x-signature=5wVazZlY8XnpvvmgRzAv3dDS%2F4c%3D&from=327834062&s=PackSourceEnum_SEARCH&se=false&sc=cover&biz_tag=pcweb_cover&l=202512041422294E342C5777FF706FE651,https://www.douyin.com/aweme/v1/play/?video_id=v0200fg10000d1p39b7og65ufo0qi600&line=0&file_id=8d709732985f4820aa359eedeb0e8a02&sign=4633b432d8b853fffd6ee7a99565db51&is_play_url=1&source=PackSourceEnum_SEARCH,https://sf3-cdn-tos.douyinstatic.com/obj/ies-music/7526136491286842150.mp3,,外卖大战
7526010690348371251,0,外卖三国杀：补贴大战下谁成最大赢家？ 美团、淘宝闪购、京东三大外卖平台再起“战火”。淘宝闪购甩出“满18减18”的王炸，美团立刻以“0元喝奶茶”强势反击，京东宣布每晚10万份，一口价16.18小龙虾。奶茶爆单，骑手日赚1700元，三大巨头福利放不停，网友奶茶喝不赢，直呼喝出糖尿病。一个视频看懂这场补贴大战谁能笑到最后？,外卖三国杀：补贴大战下谁成最大赢家？ 美团、淘宝闪购、京东三大外卖平台再起“战火”。淘宝闪购甩出“满18减18”的王炸，美团立刻以“0元喝奶茶”强势反击，京东宣布每晚10万份，一口价16.18小龙虾。奶茶爆单，骑手日赚1700元，三大巨头福利放不停，网友奶茶喝不赢，直呼喝出糖尿病。一个视频看懂这场补贴大战谁能笑到最后？,2025-07-12 02:05:28,99721845672,MS4wLjABAAAACYlBnPi3Yy7yNWX-R6I7XQ3igz2QpXMTDm6eHCIHKF0,,,,红星新闻,https://p3-pc.douyinpic.com/aweme/100x100/aweme-avatar/tos-cn-avt-0015_7a2785ae4e25b2b132a2e3b087e2499f.jpeg?card_type=153&column_n=0&from=327834062,2212,451,870,1637,,1764829351792,https://www.douyin.com/video/7526010690348371251,https://p3-pc-sign.douyinpic.com/obj/tos-cn-i-dy/59f034d3fdb84af6bc04e3b481d618dc?lk3s=138a59ce&x-expires=2080188000&x-signature=YPAS%2FeKrmHDWYEqEwt%2FMDX1gNYI%3D&from=327834062&s=PackSourceEnum_SEARCH&se=false&sc=cover&biz_tag=pcweb_cover&l=202512041422294E342C5777FF706FE651,https://www.douyin.com/aweme/v1/play/?video_id=v0300fg10000d1os2avog65lcaefkung&line=0&file_id=ea4387f92d624766abfe688698d21d06&sign=25bf09bc0cfc072a4774283f748bc10d&is_play_url=1&source=PackSourceEnum_SEARCH,,,外卖大战
7524760970934226202,0,大厂纷纷入局，电商巨头们为啥都盯上外卖？ #dou来守护钱袋子  #热点零距离#看懂中国,大厂纷纷入局，电商巨头们为啥都盯上外卖？ #dou来守护钱袋子  #热点零距离#看懂中国,2025-07-08 17:16:15,2260189412334318,MS4wLjABAAAADUObyc_aoKXnXnV01JEcZMdvU0_ZFvFnVQAU-weztOgHubCQont1aDrDASxWu8B6,,,,直男财经,https://p3-pc.douyinpic.com/aweme/100x100/aweme-avatar/tos-cn-avt-0015_ddacdb8f5d821445042e0ec217daafbb.jpeg?card_type=153&column_n=0&from=327834062,1495782,163728,307430,1250677,,1764829351797,https://www.douyin.com/video/7524760970934226202,https://p3-pc-sign.douyinpic.com/obj/tos-cn-i-dy/785098a227624627a994b5c23ecf962d?lk3s=138a59ce&x-expires=2080188000&x-signature=%2BUtrFSlAtF%2BZQRIXbQf5WIhkLiI%3D&from=327834062&s=PackSourceEnum_SEARCH&se=false&sc=cover&biz_tag=pcweb_cover&l=202512041422294E342C5777FF706FE651,https://www.douyin.com/aweme/v1/play/?video_id=v0d00fg10000d1ml2ovog65s8c51tk1g&line=0&file_id=5a4ab1fd922b401cb2db1bb8d06c7a7f&sign=06dcce016f50d908663838697a37b2fc&is_play_url=1&source=PackSourceEnum_SEARCH,,,外卖大战
7525812813567151360,0,平台砸钱、商家爆单、骑手赚翻？外卖闪电战的背后难道没有输家？#外卖补贴大战谁是赢家 #外卖大战 #互联网,平台砸钱、商家爆单、骑手赚翻？外卖闪电战的背后难道没有输家？#外卖补贴大战谁是赢家 #外卖大战 #互联网,2025-07-11 13:17:50,1793999883739472,MS4wLjABAAAA_eNDiAALr16n8W6B2mVLlafd8Ahq0FvLCVGWgkjPfBAxKY9XGusc1wpPdP5uG2N5,,,,氪财经,https://p3-pc.douyinpic.com/aweme/100x100/aweme-avatar/tos-cn-avt-0015_0bc3a1ecca428f95931282e49f152e77.jpeg?card_type=153&column_n=0&from=327834062,107619,14691,24611,127160,,1764829351798,https://www.douyin.com/video/7525812813567151360,https://p3-pc-sign.douyinpic.com/obj/tos-cn-i-dy/9f5a36f014594e4db6750f36914df889?lk3s=138a59ce&x-expires=2080188000&x-signature=Zdvfg7k%2Ft8IrMpXwIRH%2BnSBZBic%3D&from=327834062&s=PackSourceEnum_SEARCH&se=false&sc=cover&biz_tag=pcweb_cover&l=202512041422294E342C5777FF706FE651,https://www.douyin.com/aweme/v1/play/?video_id=v0200fg10000d1ogq4fog65m1k9aqc1g&line=0&file_id=de8cf516bebf4b019e7b06da8a2649b7&sign=0ac5e5de064cbf7bf876197e813bc504&is_play_url=1&source=PackSourceEnum_SEARCH,https://sf5-hl-cdn-tos.douyinstatic.com/obj/ies-music/7525813075329551167.mp3,,外卖大战
7546209330081566015,0,百亿百亿往里砸，外卖大战打的着实有些血腥 #淘宝闪购 #美团 #京东外卖 #外卖大战,百亿百亿往里砸，外卖大战打的着实有些血腥 #淘宝闪购 #美团 #京东外卖 #外卖大战,2025-09-04 12:26:21,1789638126343508,MS4wLjABAAAAoioyA1wed-aUyuGnSSbUEcjLerCyVtbSCvAxym9ZOWUTEPEdaPbHUlNI4dHOhdMU,,,,差评君,https://p3-pc.douyinpic.com/aweme/100x100/aweme-avatar/tos-cn-avt-0015_499b595bb07d3ff15787aad4814acd72.jpeg?card_type=153&column_n=0&from=327834062,19908,1589,836,1745,,1764829351801,https://www.douyin.com/video/7546209330081566015,https://p3-pc-sign.douyinpic.com/obj/tos-cn-i-dy/3d99a90adb334d69b71e8f0c260fc6aa?lk3s=138a59ce&x-expires=2080188000&x-signature=9AJsgUuPSKaj4r%2B7QRusNMvO%2F4M%3D&from=327834062&s=PackSourceEnum_SEARCH&se=false&sc=cover&biz_tag=pcweb_cover&l=202512041422294E342C5777FF706FE651,https://www.douyin.com/aweme/v1/play/?video_id=v0300fg10000d2so8qnog65l5aclv64g&line=0&file_id=db2086579ae24ad5a2f382565f011ed2&sign=9af92cf6737db58dbd209693286ce4e9&is_play_url=1&source=PackSourceEnum_SEARCH,https://lf26-music-east.douyinstatic.com/obj/ies-music-hj/7546209435715128122.mp3,,外卖大战
7526101634162937145,0,好惨 被商战逼疯的店员… #vlog十亿流量扶持计划 #外卖大战 #奶茶0元购 #美团外卖神券节 #奶茶,好惨 被商战逼疯的店员… #vlog十亿流量扶持计划 #外卖大战 #奶茶0元购 #美团外卖神券节 #奶茶,2025-07-12 07:58:10,96355566229048,MS4wLjABAAAAgKntOtB957gPOlcjvQ5DN8mAL-FzNjEm9MeLamjMic8,,,,观猹局,https://p3-pc.douyinpic.com/aweme/100x100/aweme-avatar/tos-cn-avt-0015_81beab4cf848e5a27164204c0f143ed8.jpeg?card_type=153&column_n=0&from=327834062,280881,12940,40525,841895,,1764829351804,https://www.douyin.com/video/7526101634162937145,https://p3-pc-sign.douyinpic.com/obj/tos-cn-i-0813c000-ce/osAzaPmAIiHAhMBFBIZFAyWnBAkPp1VBLGEBi?lk3s=138a59ce&x-expires=2080188000&x-signature=dVXA4rB1w4HzfcX3mH%2FToKVDzNQ%3D&from=327834062&s=PackSourceEnum_SEARCH&se=false&sc=cover&biz_tag=pcweb_cover&l=202512041422294E342C5777FF706FE651,https://www.douyin.com/aweme/v1/play/?video_id=v1e00fgi0000d1p19vvog65gtdbt27c0&line=0&file_id=2d8ecfb0412c4afba33f2597f461145f&sign=f4d438910c8dbc532adf772bb494efc9&is_play_url=1&source=PackSourceEnum_SEARCH,https://lf9-music-east.douyinstatic.com/obj/ies-music-hj/7526101690563611451.mp3,,外卖大战
7530986592807243054,0,"一文读懂“外卖大战上演的全剧终”千亿外卖价格战迎来了注定的大结局！零和博弈的代价：外卖混战，无人是赢家！
#唐子棋  #财经  #看懂中国  #在深圳看懂中国  #送TA上精选","一文读懂“外卖大战上演的全剧终”千亿外卖价格战迎来了注定的大结局！零和博弈的代价：外卖混战，无人是赢家！
#唐子棋  #财经  #看懂中国  #在深圳看懂中国  #送TA上精选",2025-07-27 09:30:00,449030083320638,MS4wLjABAAAAgedw9gb1eQ28n2BK4xIAz2HPSEHG9Fw13Y6B-ZS6XYQ,,,,唐子棋,https://p3-pc.douyinpic.com/aweme/100x100/aweme-avatar/tos-cn-avt-0015_92afa450213a170b13be673345452547.jpeg?card_type=153&column_n=0&from=327834062,108577,17948,7690,23280,,1764829351805,https://www.douyin.com/video/7530986592807243054,https://p3-pc-sign.douyinpic.com/obj/tos-cn-i-dy/716344d6fbec49588816ce2fd2ab39b5?lk3s=138a59ce&x-expires=2080188000&x-signature=vFHjfM3S0PRHmN3YCMxwnCWTsfs%3D&from=327834062&s=PackSourceEnum_SEARCH&se=false&sc=cover&biz_tag=pcweb_cover&l=202512041422294E342C5777FF706FE651,https://www.douyin.com/aweme/v1/play/?video_id=v0300fg10000d21n0evog65scndm0ie0&line=0&file_id=3f9e403e7f814a7bafa96145f20f9ac3&sign=8098f09a7ead3653cb838f85cdd42e07&is_play_url=1&source=PackSourceEnum_SEARCH,https://lf26-music-east.douyinstatic.com/obj/ies-music-hj/7530986844322794297.mp3,,外卖大战
7578772722260479251,0,“外卖大战”没有真正赢家！三巨头半年或少赚近800亿元 ,“外卖大战”没有真正赢家！三巨头半年或少赚近800亿元 ,2025-12-01 06:29:00,104028091847,MS4wLjABAAAAKmmQXWWOIh9ddjerChGqdYn5dTboItFVq0q-Atddwc0,,,,长江云新闻,https://p3-pc.douyinpic.com/aweme/100x100/aweme-avatar/douyin-user-private-image_104028091847_f993bfb3fc56a4b7e6770fc9fc791ed79337f01de6c8cc5207990fc39fa4aefd.jpeg?card_type=153&column_n=0&from=327834062,6634,752,13728,5900,,1764829351805,https://www.douyin.com/video/7578772722260479251,https://p9-pc-sign.douyinpic.com/obj/tos-cn-i-dy/e3f82eeb563b4281ab3b8ac11dd32892?lk3s=138a59ce&x-expires=2080188000&x-signature=mb%2BCD8CP6o5wnJj6GLqwSulK8Rs%3D&from=327834062&s=PackSourceEnum_SEARCH&se=false&sc=cover&biz_tag=pcweb_cover&l=202512041422294E342C5777FF706FE651,https://www.douyin.com/aweme/v1/play/?video_id=v0d00fg10000d4mjb8fog65s4rhhjjbg&line=0&file_id=f3f86daa4e174ba4b84b8eed745f3da8&sign=db0bedbf8b253335be29f61c6f959d06&is_play_url=1&source=PackSourceEnum_SEARCH,,,外卖大战
7574336855009725706,0,美团告别蓝朋友，外卖大战彻底结束了吗？ #财经知识#经济学视角看世界#社会#外卖#美团,美团告别蓝朋友，外卖大战彻底结束了吗？ #财经知识#经济学视角看世界#社会#外卖#美团,2025-11-19 12:00:21,64530873101,MS4wLjABAAAAd23jWkNJ2yPXAQseofIP-mEdScK7NhS5LFQun6nIjhs,,,,资本论,https://p3-pc.douyinpic.com/aweme/100x100/aweme-avatar/tos-cn-avt-0015_34c653f99e493d0205fac0a8c3835ee6.jpeg?card_type=153&column_n=0&from=327834062,26616,2095,2538,1068,,1764829351809,https://www.douyin.com/video/7574336855009725706,https://p3-pc-sign.douyinpic.com/obj/tos-cn-i-dy/20f76a92a5e046b8860af4165f796a11?lk3s=138a59ce&x-expires=2080188000&x-signature=txi4s63ssTUG6B7%2FHv5IeW2iIZY%3D&from=327834062&s=PackSourceEnum_SEARCH&se=false&sc=cover&biz_tag=pcweb_cover&l=202512041422294E342C5777FF706FE651,https://www.douyin.com/aweme/v1/play/?video_id=v0d00fg10000d4en487og65qlm7qvmr0&line=0&file_id=563c9b777a5143708973fbb8422448bd&sign=21eddbdb859b220744f3c8be2fbf88ec&is_play_url=1&source=PackSourceEnum_SEARCH,https://sf5-hl-cdn-tos.douyinstatic.com/obj/ies-music/7574279485487319827.mp3,,外卖大战
7536888786353982760,0,“为求曝光量，被平台控制”“数据挺漂亮，实际不挣钱”“赔本赚吆喝”…… 被卷入外卖大战，商家直言“无可奈何”。#每周质量报告,“为求曝光量，被平台控制”“数据挺漂亮，实际不挣钱”“赔本赚吆喝”…… 被卷入外卖大战，商家直言“无可奈何”。#每周质量报告,2025-08-10 09:38:07,66598046050,MS4wLjABAAAAgq8cb7cn9ByhZbmx-XQDdRTvFzmJeBBXOUO4QflP96M,,,,央视新闻,https://p3-pc.douyinpic.com/aweme/100x100/aweme-avatar/tos-cn-avt-0015_75f45ba785aed27aec4604552fb0e8ee.jpeg?card_type=153&column_n=0&from=327834062,455505,18658,65598,76651,,1764829351812,https://www.douyin.com/video/7536888786353982760,https://p3-pc-sign.douyinpic.com/obj/tos-cn-i-dy/85e0f259cd7e4443afb6a2e258d3f0fd?lk3s=138a59ce&x-expires=2080188000&x-signature=k3ovdlt8ucVHEomxY6WOO9FDTLw%3D&from=327834062&s=PackSourceEnum_SEARCH&se=false&sc=cover&biz_tag=pcweb_cover&l=202512041422294E342C5777FF706FE651,https://www.douyin.com/aweme/v1/play/?video_id=v0200fg10000d2c6govog65u854sncs0&line=0&file_id=dc8c72c428b0418cbab6b6771d3f5aad&sign=3ca441b2a880c005a2c57254aa638a21&is_play_url=1&source=PackSourceEnum_SEARCH,,,外卖大战
